"Year","State","AVG_AGE"
2014,"Alabama",38.6857223103091
2015,"Alabama",38.8032928316834
2016,"Alabama",38.9851471223243
2017,"Alabama",39.1763839231041
2018,"Alabama",39.3727410154646
2019,"Alabama",39.602828365644
2020,"Alabama",39.6635282569617
2014,"Alaska",34.8970466872621
2015,"Alaska",34.825539792425
2016,"Alaska",35.1056188619938
2017,"Alaska",35.5914030238106
2018,"Alaska",36.0610925935468
2019,"Alaska",36.4039232036307
2020,"Alaska",36.6901200494094
2014,"Arizona",37.9969185100938
2015,"Arizona",38.3191246714845
2016,"Arizona",38.5478682875994
2017,"Arizona",38.6895140865446
2018,"Arizona",38.9978384320698
2019,"Arizona",39.2382775700718
2020,"Arizona",39.5666231761401
2014,"Arkansas",38.3187823227656
2015,"Arkansas",38.4466131265689
2016,"Arkansas",38.5237266117136
2017,"Arkansas",38.6475869917541
2018,"Arkansas",38.765450216917
2019,"Arkansas",39.1118551768107
2020,"Arkansas",39.2179983302757
2014,"California",36.9808229882095
2015,"California",37.2437464136377
2016,"California",37.4477205194586
2017,"California",37.651116572766
2018,"California",37.8596239683728
2019,"California",38.1221088218701
2020,"California",38.3951634593465
2014,"Colorado",37.1873801547686
2015,"Colorado",37.3047897820134
2016,"Colorado",37.5256625476375
2017,"Colorado",37.7888923685706
2018,"Colorado",37.9398382671145
2019,"Colorado",38.2304755765849
2020,"Colorado",38.5006067166289
2014,"Connecticut",39.6667262587105
2015,"Connecticut",39.84178361552
2016,"Connecticut",40.0867356810604
2017,"Connecticut",40.3835243677582
2018,"Connecticut",40.562907241513
2019,"Connecticut",40.7061198719766
2020,"Connecticut",40.9351915020492
2014,"Delaware",39.2664410750587
2015,"Delaware",39.6424739992431
2016,"Delaware",40.0124718375321
2017,"Delaware",40.2927493323381
2018,"Delaware",40.696550041306
2019,"Delaware",40.9493111267206
2020,"Delaware",41.3734079419894
2014,"District of Columbia",36.5852968539657
2015,"District of Columbia",36.4452968338123
2016,"District of Columbia",36.5089331591233
2017,"District of Columbia",36.612596761829
2018,"District of Columbia",36.6371753350748
2019,"District of Columbia",36.7484091369595
2020,"District of Columbia",37.3086251086748
2014,"Florida",40.9893234892135
2015,"Florida",41.1817167664664
2016,"Florida",41.3991682401098
2017,"Florida",41.5211612435905
2018,"Florida",41.7298948206105
2019,"Florida",41.9713168570786
2020,"Florida",42.2385587778593
2014,"Georgia",36.5693711702177
2015,"Georgia",36.763440908637
2016,"Georgia",36.9994499712959
2017,"Georgia",37.2536890259717
2018,"Georgia",37.4479614239304
2019,"Georgia",37.7066932343187
2020,"Georgia",37.9612635037466
2014,"Hawaii",39.0283728561154
2015,"Hawaii",39.0553470480294
2016,"Hawaii",39.5690700476075
2017,"Hawaii",39.8299428806799
2018,"Hawaii",40.1532195557733
2019,"Hawaii",40.3952256983682
2020,"Hawaii",40.6246831119437
2014,"Idaho",36.8965422303581
2015,"Idaho",37.0581861468461
2016,"Idaho",37.2724788193496
2017,"Idaho",37.4738800297971
2018,"Idaho",37.7563008491581
2019,"Idaho",37.8987915940383
2020,"Idaho",38.1505864390011
2014,"Illinois",37.9483544219282
2015,"Illinois",38.1517433715954
2016,"Illinois",38.4028378931627
2017,"Illinois",38.6290112898563
2018,"Illinois",38.8499069152694
2019,"Illinois",39.0759293395953
2020,"Illinois",39.3225888180784
2014,"Indiana",37.8319714470001
2015,"Indiana",37.9817673966113
2016,"Indiana",38.1438126606255
2017,"Indiana",38.2944451160959
2018,"Indiana",38.4704186179126
2019,"Indiana",38.6073980956353
2020,"Indiana",38.7624069880202
2014,"Iowa",38.7285436766967
2015,"Iowa",38.8382931074276
2016,"Iowa",38.9166683946402
2017,"Iowa",38.9035073469877
2018,"Iowa",39.0717850415618
2019,"Iowa",39.3257312832996
2020,"Iowa",39.3520049684938
2014,"Kansas",37.3770585681026
2015,"Kansas",37.6230829968392
2016,"Kansas",37.6949677173477
2017,"Kansas",37.9480354931803
2018,"Kansas",38.1432143458206
2019,"Kansas",38.3241339587837
2020,"Kansas",38.709875218539
2014,"Kentucky",38.4622988283334
2015,"Kentucky",38.7095588069129
2016,"Kentucky",38.7169789590834
2017,"Kentucky",38.8662077428686
2018,"Kentucky",39.087589925884
2019,"Kentucky",39.3326105111095
2020,"Kentucky",39.334291260696
2014,"Louisiana",37.2342952498196
2015,"Louisiana",37.4825380390706
2016,"Louisiana",37.6594725040189
2017,"Louisiana",37.8857544926887
2018,"Louisiana",38.1654739571732
2019,"Louisiana",38.4417668324301
2020,"Louisiana",38.676097389696
2014,"Maine",41.8392212851922
2015,"Maine",42.1943989745195
2016,"Maine",42.1191922666448
2017,"Maine",42.4253207745749
2018,"Maine",42.9805230707619
2019,"Maine",43.0632601107563
2020,"Maine",43.2798699447978
2014,"Maryland",38.2191478927054
2015,"Maryland",38.3805220463968
2016,"Maryland",38.6251056479015
2017,"Maryland",38.8591163146749
2018,"Maryland",39.038416818392
2019,"Maryland",39.302797700176
2020,"Maryland",39.3959479186537
2014,"Massachusetts",39.2887789737848
2015,"Massachusetts",39.4469083610055
2016,"Massachusetts",39.6220403016199
2017,"Massachusetts",39.7908519160637
2018,"Massachusetts",39.9276386924337
2019,"Massachusetts",40.1641402259818
2020,"Massachusetts",40.3384328865403
2014,"Michigan",39.1438233794426
2015,"Michigan",39.2956051936513
2016,"Michigan",39.4762647180283
2017,"Michigan",39.6807271927166
2018,"Michigan",39.8320352864145
2019,"Michigan",40.0316018342908
2020,"Michigan",40.2303278960506
2014,"Minnesota",38.2059518728836
2015,"Minnesota",38.4075230335795
2016,"Minnesota",38.5695359307472
2017,"Minnesota",38.6352444479671
2018,"Minnesota",38.7861928838841
2019,"Minnesota",38.9886191155735
2020,"Minnesota",39.1400429097379
2014,"Mississippi",37.4348859866423
2015,"Mississippi",37.6301364186406
2016,"Mississippi",37.8350688554254
2017,"Mississippi",38.1201819644114
2018,"Mississippi",38.3148315938564
2019,"Mississippi",38.645412242465
2020,"Mississippi",38.9845102315683
2014,"Missouri",38.6424041932921
2015,"Missouri",38.7983398842015
2016,"Missouri",38.9554967996061
2017,"Missouri",39.1042570808495
2018,"Missouri",39.3825915880839
2019,"Missouri",39.5048054331554
2020,"Missouri",39.5559431818993
2014,"Montana",39.6451929943854
2015,"Montana",39.9191654186218
2016,"Montana",40.0234978705445
2017,"Montana",40.0906831363941
2018,"Montana",40.5838417403665
2019,"Montana",40.588885624517
2020,"Montana",40.7566813277752
2014,"Nebraska",37.4186015116638
2015,"Nebraska",37.5146056038688
2016,"Nebraska",37.6831561373299
2017,"Nebraska",37.778760319904
2018,"Nebraska",37.9291394456343
2019,"Nebraska",38.0371591722119
2020,"Nebraska",38.3194700740068
2014,"Nevada",37.7946119525948
2015,"Nevada",38.0594006250767
2016,"Nevada",38.2295760831929
2017,"Nevada",38.4292632617521
2018,"Nevada",38.6559429368387
2019,"Nevada",38.8611843036522
2020,"Nevada",38.9793494146263
2014,"New Hampshire",40.4509881950207
2015,"New Hampshire",40.8289263254091
2016,"New Hampshire",41.059441562791
2017,"New Hampshire",41.3527098328486
2018,"New Hampshire",41.4588258712336
2019,"New Hampshire",41.702961143949
2020,"New Hampshire",42.140406883794
2014,"New Jersey",38.9105359874919
2015,"New Jersey",39.07707535142
2016,"New Jersey",39.24241316058
2017,"New Jersey",39.4568843716229
2018,"New Jersey",39.6786964613651
2019,"New Jersey",39.9024096534751
2020,"New Jersey",40.033583195105
2014,"New Mexico",37.9946259347555
2015,"New Mexico",38.2439762141931
2016,"New Mexico",38.6327354680288
2017,"New Mexico",38.7019678459055
2018,"New Mexico",39.1948251144874
2019,"New Mexico",39.4141615744536
2020,"New Mexico",39.9112358818925
2014,"New York",38.6977667176621
2015,"New York",38.8628090183413
2016,"New York",39.0569346440055
2017,"New York",39.347849725828
2018,"New York",39.6216608368071
2019,"New York",39.8645752312392
2020,"New York",40.109384226066
2014,"North Carolina",38.2079752098861
2015,"North Carolina",38.4266911764267
2016,"North Carolina",38.6922447773621
2017,"North Carolina",38.8613637777258
2018,"North Carolina",39.1011949589835
2019,"North Carolina",39.2897571186501
2020,"North Carolina",39.5036357946646
2014,"North Dakota",37.3528794480461
2015,"North Dakota",37.4182537837152
2016,"North Dakota",37.5193369509719
2017,"North Dakota",37.7501671315461
2018,"North Dakota",37.7146578570329
2019,"North Dakota",37.612446231409
2020,"North Dakota",37.3496724522717
2014,"Ohio",39.0551361922374
2015,"Ohio",39.216117676933
2016,"Ohio",39.3522673156786
2017,"Ohio",39.4711291029659
2018,"Ohio",39.648442500506
2019,"Ohio",39.7815463123765
2020,"Ohio",39.9657510407521
2014,"Oklahoma",37.4087383069485
2015,"Oklahoma",37.5196505645894
2016,"Oklahoma",37.5897239777845
2017,"Oklahoma",37.7468770224561
2018,"Oklahoma",37.8772114380665
2019,"Oklahoma",38.055173768016
2020,"Oklahoma",38.2433460114028
2014,"Oregon",39.338565763925
2015,"Oregon",39.540092931779
2016,"Oregon",39.6418242247094
2017,"Oregon",39.7019471967589
2018,"Oregon",39.9792457751223
2019,"Oregon",40.2219429518721
2020,"Oregon",40.442324923484
2014,"Pennsylvania",40.0690087258291
2015,"Pennsylvania",40.2111885464897
2016,"Pennsylvania",40.3678319385286
2017,"Pennsylvania",40.5272539527237
2018,"Pennsylvania",40.6573235387357
2019,"Pennsylvania",40.8690127760616
2020,"Pennsylvania",40.984476208575
2014,"Rhode Island",39.8087820670165
2015,"Rhode Island",39.7390764727378
2016,"Rhode Island",40.0625552570649
2017,"Rhode Island",40.020482447324
2018,"Rhode Island",40.4165031234779
2019,"Rhode Island",40.7035269374651
2020,"Rhode Island",40.8412653370342
2014,"South Carolina",38.7569114587494
2015,"South Carolina",39.0351707240756
2016,"South Carolina",39.2349548559508
2017,"South Carolina",39.4806066194581
2018,"South Carolina",39.6908780996226
2019,"South Carolina",39.9886464853165
2020,"South Carolina",40.1740438998425
2014,"South Dakota",37.7590341957981
2015,"South Dakota",38.1561197899982
2016,"South Dakota",37.9781906375151
2017,"South Dakota",38.3272072266824
2018,"South Dakota",38.3104184259296
2019,"South Dakota",38.7502077071504
2020,"South Dakota",38.2972559677753
2014,"Tennessee",38.4987435398189
2015,"Tennessee",38.695774539911
2016,"Tennessee",38.8123887229872
2017,"Tennessee",38.915087945415
2018,"Tennessee",39.1247244834203
2019,"Tennessee",39.2405033170922
2020,"Tennessee",39.411347761002
2014,"Texas",35.4179464908466
2015,"Texas",35.551677676972
2016,"Texas",35.6722648528515
2017,"Texas",35.8426577789699
2018,"Texas",36.013244061488
2019,"Texas",36.2449818303503
2020,"Texas",36.4354198376128
2014,"Utah",32.7298693602437
2015,"Utah",32.9228891034771
2016,"Utah",33.0185086803069
2017,"Utah",33.3366419146356
2018,"Utah",33.5520813133382
2019,"Utah",33.738276671123
2020,"Utah",33.843035129718
2014,"Vermont",40.8453289538785
2015,"Vermont",41.3196015602787
2016,"Vermont",41.3161237539906
2017,"Vermont",41.5650525849946
2018,"Vermont",41.929433066315
2019,"Vermont",42.0087854112813
2020,"Vermont",41.3912829679747
2014,"Virginia",37.9725947537973
2015,"Virginia",38.1467608287398
2016,"Virginia",38.4475278085282
2017,"Virginia",38.6064329245976
2018,"Virginia",38.7932075440686
2019,"Virginia",39.0741176957136
2020,"Virginia",39.3332295412565
2014,"Washington",38.0898302492519
2015,"Washington",38.2205681423406
2016,"Washington",38.4420167398463
2017,"Washington",38.4780377877007
2018,"Washington",38.5747152413129
2019,"Washington",38.7844384681439
2020,"Washington",38.9089118874403
2014,"West Virginia",40.6942376640657
2015,"West Virginia",40.9114508320464
2016,"West Virginia",41.0556522793378
2017,"West Virginia",41.2391036298563
2018,"West Virginia",41.5430676829295
2019,"West Virginia",41.8515596097865
2020,"West Virginia",42.015784429693
2014,"Wisconsin",39.0390760745343
2015,"Wisconsin",39.2347910025008
2016,"Wisconsin",39.3728320633553
2017,"Wisconsin",39.5921342535212
2018,"Wisconsin",39.7892770842278
2019,"Wisconsin",39.9819996242121
2020,"Wisconsin",40.2232135118682
2014,"Wyoming",37.6656971718026
2015,"Wyoming",37.6893724183468
2016,"Wyoming",38.0773183991146
2017,"Wyoming",38.4015328448254
2018,"Wyoming",39.1423381227098
2019,"Wyoming",38.9855777620737
2020,"Wyoming",39.5684623246113
2007,"Alabama",37.3813435220797
2008,"Alabama",37.4756642141616
2009,"Alabama",37.5708266471397
2010,"Alabama",37.7311540472506
2011,"Alabama",38.0360754485981
2012,"Alabama",38.1367552581147
2013,"Alabama",38.3566245638454
2007,"Alaska",33.6961526193967
2008,"Alaska",33.8542109565448
2009,"Alaska",33.9432232885165
2010,"Alaska",34.3723999803917
2011,"Alaska",34.6390791429022
2012,"Alaska",34.9282410667046
2013,"Alaska",34.7276584341316
2007,"Arizona",36.0975144172633
2008,"Arizona",36.0956170444511
2009,"Arizona",36.144993054648
2010,"Arizona",36.8297017791656
2011,"Arizona",37.1452527996508
2012,"Arizona",37.4865035772299
2013,"Arizona",37.7419776646449
2007,"Arkansas",37.4103743583756
2008,"Arkansas",37.5552124228214
2009,"Arkansas",37.5123300282061
2010,"Arkansas",37.7307604105413
2011,"Arkansas",37.9108084162617
2012,"Arkansas",37.9495132633986
2013,"Arkansas",38.1030816324945
2007,"California",35.3037031352782
2008,"California",35.5710201246217
2009,"California",35.6558073521798
2010,"California",36.0216419219787
2011,"California",36.2462918039286
2012,"California",36.4771529882026
2013,"California",36.7382400442695
2007,"Colorado",35.7875466804072
2008,"Colorado",35.9182037455137
2009,"Colorado",35.9625240907604
2010,"Colorado",36.3310717951877
2011,"Colorado",36.5958521699907
2012,"Colorado",36.7673444005319
2013,"Colorado",36.9823603784626
2007,"Connecticut",38.2292973007236
2008,"Connecticut",38.3330057362338
2009,"Connecticut",38.4632409285425
2010,"Connecticut",38.8667835406211
2011,"Connecticut",39.0824490345348
2012,"Connecticut",39.2737462423548
2013,"Connecticut",39.4469177548887
2007,"Delaware",37.7030577128558
2008,"Delaware",37.5935147727845
2009,"Delaware",38.0632409995458
2010,"Delaware",38.2920560721696
2011,"Delaware",38.6833084381046
2012,"Delaware",38.8294947507993
2013,"Delaware",39.0755042673554
2007,"District of Columbia",36.6396211405221
2008,"District of Columbia",36.9993528579853
2009,"District of Columbia",36.9181999042786
2010,"District of Columbia",36.8029822004358
2011,"District of Columbia",36.6563618534748
2012,"District of Columbia",36.5635126351564
2013,"District of Columbia",36.5766317219146
2007,"Florida",39.6183651162828
2008,"Florida",39.8600129635308
2009,"Florida",39.7633414965793
2010,"Florida",40.1243096362075
2011,"Florida",40.3294260088735
2012,"Florida",40.5346313262622
2013,"Florida",40.7436180180291
2007,"Georgia",34.85411425129
2008,"Georgia",35.0326380709628
2009,"Georgia",35.0414779985901
2010,"Georgia",35.6028409320812
2011,"Georgia",35.7965608479085
2012,"Georgia",36.086592718004
2013,"Georgia",36.3083246106675
2007,"Hawaii",38.3814863470751
2008,"Hawaii",38.2949515524787
2009,"Hawaii",38.3842931241883
2010,"Hawaii",38.7075683052696
2011,"Hawaii",38.7815210829133
2012,"Hawaii",38.8469934562128
2013,"Hawaii",38.8441049988106
2007,"Idaho",35.4422563128501
2008,"Idaho",35.4213218656321
2009,"Idaho",35.5218330173159
2010,"Idaho",35.8173801266346
2011,"Idaho",36.0391675631
2012,"Idaho",36.415981921731
2013,"Idaho",36.7157646749406
2007,"Illinois",36.3435986389625
2008,"Illinois",36.4779309702297
2009,"Illinois",36.669840823788
2010,"Illinois",37.0207289230708
2011,"Illinois",37.2416711016539
2012,"Illinois",37.4806964988266
2013,"Illinois",37.6879972923743
2007,"Indiana",36.5854406316245
2008,"Indiana",36.9151510665551
2009,"Indiana",36.9396186864531
2010,"Indiana",37.122943089729
2011,"Indiana",37.3481812426173
2012,"Indiana",37.5269530362071
2013,"Indiana",37.6703755435707
2007,"Iowa",38.1559711075495
2008,"Iowa",38.1265771141064
2009,"Iowa",38.2115413066512
2010,"Iowa",38.3555680660537
2011,"Iowa",38.4148552611771
2012,"Iowa",38.4849488612595
2013,"Iowa",38.6266868279222
2007,"Kansas",36.7047338307642
2008,"Kansas",36.9213552956425
2009,"Kansas",36.8236773289692
2010,"Kansas",36.9315829179737
2011,"Kansas",37.0473649345683
2012,"Kansas",37.128660160331
2013,"Kansas",37.3829673350364
2007,"Kentucky",37.2423438172673
2008,"Kentucky",37.6251304387544
2009,"Kentucky",37.4955410301028
2010,"Kentucky",37.8035651752562
2011,"Kentucky",37.9454159834996
2012,"Kentucky",38.1171818195308
2013,"Kentucky",38.3458311671913
2007,"Louisiana",36.1660226255263
2008,"Louisiana",36.4780563417578
2009,"Louisiana",36.4109206968003
2010,"Louisiana",36.5837446976692
2011,"Louisiana",36.7906421126353
2012,"Louisiana",36.9922392806612
2013,"Louisiana",37.1129143632971
2007,"Maine",39.8374120392619
2008,"Maine",40.1368697472608
2009,"Maine",40.1926221705058
2010,"Maine",40.6727012647949
2011,"Maine",41.0405258894072
2012,"Maine",41.1884957176992
2013,"Maine",41.6381297325458
2007,"Maryland",36.8159927551606
2008,"Maryland",37.1335636894155
2009,"Maryland",37.1721236576402
2010,"Maryland",37.4761400916906
2011,"Maryland",37.6834015952195
2012,"Maryland",37.8711814284255
2013,"Maryland",38.0635503154594
2007,"Massachusetts",38.1802778555154
2008,"Massachusetts",38.0902799290917
2009,"Massachusetts",38.3954480315494
2010,"Massachusetts",38.6111905989916
2011,"Massachusetts",38.8294732658767
2012,"Massachusetts",38.9878467875508
2013,"Massachusetts",39.1631943406849
2007,"Michigan",37.3546768399998
2008,"Michigan",37.5203914220554
2009,"Michigan",37.897311932413
2010,"Michigan",38.2313566063894
2011,"Michigan",38.4605506153336
2012,"Michigan",38.7556807603892
2013,"Michigan",38.901561114602
2007,"Minnesota",37.0402547627078
2008,"Minnesota",37.1255438048438
2009,"Minnesota",37.2387561085144
2010,"Minnesota",37.4571625267579
2011,"Minnesota",37.6432339400407
2012,"Minnesota",37.8983833658137
2013,"Minnesota",38.0629433729738
2007,"Mississippi",35.9397444484606
2008,"Mississippi",36.128281729711
2009,"Mississippi",36.1401245123638
2010,"Mississippi",36.6208614979751
2011,"Mississippi",36.8178832249123
2012,"Mississippi",36.8711354988365
2013,"Mississippi",37.2570009364113
2007,"Missouri",37.3909836239871
2008,"Missouri",37.5828812987336
2009,"Missouri",37.6006411605356
2010,"Missouri",37.958455403069
2011,"Missouri",38.1493022096639
2012,"Missouri",38.3203483633644
2013,"Missouri",38.467386842629
2007,"Montana",38.2990861930906
2008,"Montana",37.9527681303233
2009,"Montana",38.6308501942073
2010,"Montana",39.1119449226863
2011,"Montana",39.1925718218512
2012,"Montana",39.6410264828517
2013,"Montana",39.4595538656278
2007,"Nebraska",36.4902215803143
2008,"Nebraska",36.8098150083659
2009,"Nebraska",36.8336728593995
2010,"Nebraska",37.1696689683129
2011,"Nebraska",37.2727481913189
2012,"Nebraska",37.2659107260748
2013,"Nebraska",37.350762316191
2007,"Nevada",35.8198256633905
2008,"Nevada",36.003205563335
2009,"Nevada",35.8905782447405
2010,"Nevada",36.537559129822
2011,"Nevada",36.8689460886373
2012,"Nevada",37.1328249963482
2013,"Nevada",37.4726622644918
2007,"New Hampshire",37.9901187693224
2008,"New Hampshire",38.4852961182056
2009,"New Hampshire",38.8593420531114
2010,"New Hampshire",39.2872727659351
2011,"New Hampshire",39.6242942996251
2012,"New Hampshire",40.0394860977135
2013,"New Hampshire",40.1609660745063
2007,"New Jersey",37.7586208484536
2008,"New Jersey",37.7791739191476
2009,"New Jersey",38.0106615493802
2010,"New Jersey",38.2303226086459
2011,"New Jersey",38.4082396239495
2012,"New Jersey",38.6107621446677
2013,"New Jersey",38.7729593175403
2007,"New Mexico",36.5204986001934
2008,"New Mexico",36.5923483487842
2009,"New Mexico",36.5267698046098
2010,"New Mexico",37.1573493222429
2011,"New Mexico",37.2208479971415
2012,"New Mexico",37.4446353890459
2013,"New Mexico",37.7232294643375
2007,"New York",37.5903766707471
2008,"New York",37.8154273893312
2009,"New York",37.9237856059117
2010,"New York",38.0739920101207
2011,"New York",38.2236838907924
2012,"New York",38.3909083787896
2013,"New York",38.549610767871
2007,"North Carolina",36.7494899035783
2008,"North Carolina",36.8150994956418
2009,"North Carolina",36.8773190245184
2010,"North Carolina",37.2621337443124
2011,"North Carolina",37.4851288797969
2012,"North Carolina",37.7428079137636
2013,"North Carolina",37.9610066348093
2007,"North Dakota",37.726940903371
2008,"North Dakota",38.0900057834916
2009,"North Dakota",38.0253832454193
2010,"North Dakota",38.0149118086165
2011,"North Dakota",38.139595749285
2012,"North Dakota",38.078243009142
2013,"North Dakota",37.6266718090996
2007,"Ohio",37.6982473144264
2008,"Ohio",37.8389721841804
2009,"Ohio",38.0813077072023
2010,"Ohio",38.328761890199
2011,"Ohio",38.5250534194558
2012,"Ohio",38.7744259142558
2013,"Ohio",38.8908945684692
2007,"Oklahoma",36.6162582975886
2008,"Oklahoma",36.8598348708434
2009,"Oklahoma",36.7487202506069
2010,"Oklahoma",36.9987915044839
2011,"Oklahoma",37.1354714271999
2012,"Oklahoma",37.2611051111193
2013,"Oklahoma",37.2033837605257
2007,"Oregon",37.8808914316516
2008,"Oregon",37.9156480372342
2009,"Oregon",38.0481590482367
2010,"Oregon",38.4427371809583
2011,"Oregon",38.6403195467604
2012,"Oregon",38.9055068879376
2013,"Oregon",39.1267765291414
2007,"Pennsylvania",38.9267405905287
2008,"Pennsylvania",39.1944202889411
2009,"Pennsylvania",39.2601585574727
2010,"Pennsylvania",39.3756097541785
2011,"Pennsylvania",39.5761335383523
2012,"Pennsylvania",39.7430022526673
2013,"Pennsylvania",39.9052745537526
2007,"Rhode Island",38.0612724893934
2008,"Rhode Island",38.6382438703145
2009,"Rhode Island",38.824043470954
2010,"Rhode Island",38.9634832261043
2011,"Rhode Island",39.1086899863217
2012,"Rhode Island",39.2902973649233
2013,"Rhode Island",39.5850685347086
2007,"South Carolina",37.2667322184836
2008,"South Carolina",37.4851415241752
2009,"South Carolina",37.5164880530347
2010,"South Carolina",37.7369728353053
2011,"South Carolina",37.9665989917144
2012,"South Carolina",38.202488587921
2013,"South Carolina",38.493373912712
2007,"South Dakota",37.6455907010041
2008,"South Dakota",37.5947358473204
2009,"South Dakota",37.5273214727536
2010,"South Dakota",37.5983369730165
2011,"South Dakota",37.7656810851347
2012,"South Dakota",37.7190341679526
2013,"South Dakota",37.9194829543235
2007,"Tennessee",37.339996351953
2008,"Tennessee",37.5764903567047
2009,"Tennessee",37.5499187294541
2010,"Tennessee",37.7810942980514
2011,"Tennessee",38.0331287373974
2012,"Tennessee",38.1458657922262
2013,"Tennessee",38.2821939975782
2007,"Texas",34.2449581206457
2008,"Texas",34.3428701818812
2009,"Texas",34.2997246583469
2010,"Texas",34.6844314437509
2011,"Texas",34.8348717945123
2012,"Texas",35.0479049570319
2013,"Texas",35.2158355393126
2007,"Utah",31.5941598968749
2008,"Utah",31.664429196645
2009,"Utah",31.7339867670866
2010,"Utah",31.8340024686031
2011,"Utah",32.0912487549792
2012,"Utah",32.2616808748122
2013,"Utah",32.4692633801147
2007,"Vermont",38.8533417893486
2008,"Vermont",39.5620165145589
2009,"Vermont",39.5909547092126
2010,"Vermont",39.8900920186593
2011,"Vermont",40.2290818940953
2012,"Vermont",40.6333371138846
2013,"Vermont",40.6848714552447
2007,"Virginia",36.7438312125726
2008,"Virginia",36.9981531940231
2009,"Virginia",36.9014831419622
2010,"Virginia",37.2629851368607
2011,"Virginia",37.4632270517368
2012,"Virginia",37.6327150196797
2013,"Virginia",37.7952423640245
2007,"Washington",36.9403431191276
2008,"Washington",37.1649198439388
2009,"Washington",37.0515667683794
2010,"Washington",37.3503028247033
2011,"Washington",37.5710451391339
2012,"Washington",37.7909478771387
2013,"Washington",37.9168032962074
2007,"West Virginia",39.4779416512374
2008,"West Virginia",39.8872143239782
2009,"West Virginia",39.8096585460746
2010,"West Virginia",40.1643168481957
2011,"West Virginia",40.2568983768145
2012,"West Virginia",40.4063866104204
2013,"West Virginia",40.54802502718
2007,"Wisconsin",37.7258543926422
2008,"Wisconsin",37.791220916679
2009,"Wisconsin",37.9671093840355
2010,"Wisconsin",38.1074118699072
2011,"Wisconsin",38.3137722529648
2012,"Wisconsin",38.5670540189487
2013,"Wisconsin",38.7783490137849
2007,"Wyoming",36.9042155193849
2008,"Wyoming",37.0077459130265
2009,"Wyoming",37.0050508019917
2010,"Wyoming",37.0669719732133
2011,"Wyoming",37.3635714009131
2012,"Wyoming",37.5257003670985
2013,"Wyoming",37.4158906253754
2000,"Alabama",35.991720627898
2001,"Alabama",36.2432223093567
2002,"Alabama",36.5230042142034
2003,"Alabama",36.6712341230516
2004,"Alabama",36.8551948224047
2005,"Alabama",37.1826875670936
2006,"Alabama",37.255439951468
2000,"Alaska",31.2617178978722
2001,"Alaska",31.8450411108458
2002,"Alaska",32.7921528485291
2003,"Alaska",32.6792430362382
2004,"Alaska",32.8958964593852
2005,"Alaska",32.9866352989809
2006,"Alaska",34.0626353437713
2000,"Arizona",35.5800013432073
2001,"Arizona",34.9870699367831
2002,"Arizona",35.0284591242878
2003,"Arizona",35.0966433139222
2004,"Arizona",35.2376495230427
2005,"Arizona",35.5769062251023
2006,"Arizona",35.9139449181829
2000,"Arkansas",36.2955584525772
2001,"Arkansas",36.4536639214812
2002,"Arkansas",36.6136569050215
2003,"Arkansas",36.7109370608476
2004,"Arkansas",36.9041749051482
2005,"Arkansas",36.9929983875547
2006,"Arkansas",37.4257757023443
2000,"California",33.9974700978942
2001,"California",33.8251616727065
2002,"California",34.2861802919551
2003,"California",34.6509598389748
2004,"California",34.6769888218955
2005,"California",34.7697697880673
2006,"California",35.0408177466894
2000,"Colorado",33.9943972414436
2001,"Colorado",34.3562169909362
2002,"Colorado",34.7033051378411
2003,"Colorado",34.749467388147
2004,"Colorado",34.7487044334351
2005,"Colorado",35.0185570797414
2006,"Colorado",35.5797314204196
2000,"Connecticut",37.1026832568391
2001,"Connecticut",37.5622171689933
2002,"Connecticut",37.172185849517
2003,"Connecticut",37.568296363268
2004,"Connecticut",37.7487687650299
2005,"Connecticut",37.9895685026419
2006,"Connecticut",38.228061500641
2000,"Delaware",36.3028485321137
2001,"Delaware",36.3261074677934
2002,"Delaware",36.7660878447395
2003,"Delaware",36.7675364103703
2004,"Delaware",37.1827367302318
2005,"Delaware",37.2952090484715
2006,"Delaware",37.4126173436629
2000,"District of Columbia",37.4350841623569
2001,"District of Columbia",36.7567784283743
2002,"District of Columbia",37.1630597126385
2003,"District of Columbia",37.2214316919428
2004,"District of Columbia",37.2607600458622
2005,"District of Columbia",37.0401319773798
2006,"District of Columbia",36.999867590666
2000,"Florida",38.9646213328261
2001,"Florida",38.7746767030138
2002,"Florida",38.8081249923894
2003,"Florida",38.8449471403342
2004,"Florida",38.9900537013793
2005,"Florida",39.0416897872815
2006,"Florida",39.4458493913368
2000,"Georgia",33.9750929319408
2001,"Georgia",33.7121309170385
2002,"Georgia",33.9738463670067
2003,"Georgia",34.089194793991
2004,"Georgia",34.2254250343257
2005,"Georgia",34.4030749980026
2006,"Georgia",34.7485055704644
2000,"Hawaii",36.8953176735517
2001,"Hawaii",36.7315758256458
2002,"Hawaii",37.1319463119458
2003,"Hawaii",37.3985170453848
2004,"Hawaii",37.735253559879
2005,"Hawaii",37.7033335770042
2006,"Hawaii",37.8814918420721
2000,"Idaho",34.7658641691926
2001,"Idaho",34.327616611813
2002,"Idaho",34.7710353736089
2003,"Idaho",34.8715207794984
2004,"Idaho",35.0478961174927
2005,"Idaho",35.2272963475668
2006,"Idaho",35.2843572809443
2000,"Illinois",35.1577114143873
2001,"Illinois",35.5651246552482
2002,"Illinois",35.3728613797026
2003,"Illinois",35.6039405149926
2004,"Illinois",35.7179639512084
2005,"Illinois",35.8443605395462
2006,"Illinois",36.2048230318494
2000,"Indiana",35.6451486514395
2001,"Indiana",36.0586081820481
2002,"Indiana",35.7056902427109
2003,"Indiana",35.7195810664488
2004,"Indiana",35.9177753619409
2005,"Indiana",36.107668504239
2006,"Indiana",36.5047550336421
2000,"Iowa",36.7935545764337
2001,"Iowa",37.0396780605022
2002,"Iowa",37.4681728115428
2003,"Iowa",37.4782201118798
2004,"Iowa",37.7358784775731
2005,"Iowa",38.1559401404223
2006,"Iowa",37.9217024330292
2000,"Kansas",35.7833818023755
2001,"Kansas",36.2374318504376
2002,"Kansas",35.9592592901923
2003,"Kansas",35.924144136437
2004,"Kansas",36.1909073984324
2005,"Kansas",36.257636160481
2006,"Kansas",36.6343981259553
2000,"Kentucky",35.8890136504248
2001,"Kentucky",36.2057638334839
2002,"Kentucky",36.8845731244264
2003,"Kentucky",36.4362808628251
2004,"Kentucky",36.8347760208418
2005,"Kentucky",36.960212119386
2006,"Kentucky",37.2739621319073
2000,"Louisiana",34.798815927273
2001,"Louisiana",34.660389401727
2002,"Louisiana",35.077339869762
2003,"Louisiana",35.201687543876
2004,"Louisiana",35.3954810431773
2005,"Louisiana",35.6192924340254
2006,"Louisiana",36.3064139664273
2000,"Maine",38.4572042200329
2001,"Maine",38.8630288117788
2002,"Maine",38.7817389902878
2003,"Maine",38.8770732298548
2004,"Maine",39.058681890164
2005,"Maine",39.7422879528162
2006,"Maine",39.7364006858488
2000,"Maryland",35.7954376584065
2001,"Maryland",35.546656789572
2002,"Maryland",35.8580562597467
2003,"Maryland",36.1387900388942
2004,"Maryland",36.1976930116019
2005,"Maryland",36.3136008989554
2006,"Maryland",36.6706275073557
2000,"Massachusetts",36.5744693435745
2001,"Massachusetts",37.5015348884964
2002,"Massachusetts",37.4030517121609
2003,"Massachusetts",37.2895282771139
2004,"Massachusetts",37.5537950844577
2005,"Massachusetts",37.655391501681
2006,"Massachusetts",37.9372221712166
2000,"Michigan",35.7653910621256
2001,"Michigan",36.1709945876476
2002,"Michigan",36.0093187868613
2003,"Michigan",36.2836014020175
2004,"Michigan",36.4176842912014
2005,"Michigan",36.6882134241855
2006,"Michigan",37.0659785612467
2000,"Minnesota",35.0320701607693
2001,"Minnesota",36.0657940143914
2002,"Minnesota",35.9420912630781
2003,"Minnesota",36.0213877840078
2004,"Minnesota",36.291788572438
2005,"Minnesota",36.4525319410636
2006,"Minnesota",36.8338954473698
2000,"Mississippi",34.7968485963942
2001,"Mississippi",34.8689933133469
2002,"Mississippi",35.1354630575282
2003,"Mississippi",35.2831325257922
2004,"Mississippi",35.5284126047714
2005,"Mississippi",35.739034012298
2006,"Mississippi",36.0479904072784
2000,"Missouri",35.8336539349034
2001,"Missouri",36.3648415259496
2002,"Missouri",36.6547517983436
2003,"Missouri",36.5425940666146
2004,"Missouri",36.9450268132642
2005,"Missouri",37.029317351143
2006,"Missouri",37.2024877826448
2000,"Montana",37.148865926875
2001,"Montana",37.310896612513
2002,"Montana",37.6832924953952
2003,"Montana",37.7221091832834
2004,"Montana",38.1366933559515
2005,"Montana",38.5385410874258
2006,"Montana",38.4489399046401
2000,"Nebraska",35.6231664031599
2001,"Nebraska",36.026853495532
2002,"Nebraska",36.0800772986701
2003,"Nebraska",36.2624367116184
2004,"Nebraska",36.2350807128883
2005,"Nebraska",36.6210644635926
2006,"Nebraska",36.545699306295
2000,"Nevada",35.169255078729
2001,"Nevada",34.9797634712754
2002,"Nevada",35.1940911134436
2003,"Nevada",35.3618288673449
2004,"Nevada",35.3753012019397
2005,"Nevada",35.5708393500552
2006,"Nevada",35.7749194659729
2000,"New Hampshire",36.5254547605125
2001,"New Hampshire",36.9753529644437
2002,"New Hampshire",36.8134580444049
2003,"New Hampshire",37.1431495750944
2004,"New Hampshire",37.407090501359
2005,"New Hampshire",37.9567441388729
2006,"New Hampshire",38.2144954540096
2000,"New Jersey",36.3653447774988
2001,"New Jersey",37.2706206898548
2002,"New Jersey",36.8937382889137
2003,"New Jersey",36.8875588045394
2004,"New Jersey",36.9922934571003
2005,"New Jersey",37.0815645473924
2006,"New Jersey",37.5579124907159
2000,"New Mexico",34.8056019908648
2001,"New Mexico",35.2460774538104
2002,"New Mexico",35.4967979432236
2003,"New Mexico",35.682527700571
2004,"New Mexico",35.9431849533564
2005,"New Mexico",36.2624146102187
2006,"New Mexico",35.9953688710574
2000,"New York",35.8727405828234
2001,"New York",36.4933379302404
2002,"New York",36.6896158024457
2003,"New York",36.9343782707043
2004,"New York",36.966520581485
2005,"New York",37.1876471120756
2006,"New York",37.3626205656499
2000,"North Carolina",35.6420815077758
2001,"North Carolina",35.5858982520943
2002,"North Carolina",35.8396815228016
2003,"North Carolina",35.9168150328951
2004,"North Carolina",36.0934628032698
2005,"North Carolina",36.2528631061643
2006,"North Carolina",36.6377580095083
2000,"North Dakota",36.7681195063526
2001,"North Dakota",37.7302408508284
2002,"North Dakota",37.2489459151652
2003,"North Dakota",37.494087677025
2004,"North Dakota",38.0542619130018
2005,"North Dakota",38.0788197010609
2006,"North Dakota",38.0057716472155
2000,"Ohio",36.1858480551128
2001,"Ohio",36.8059698242112
2002,"Ohio",36.522215681522
2003,"Ohio",36.7413056796724
2004,"Ohio",37.0275694665292
2005,"Ohio",37.225848977889
2006,"Ohio",37.4288964476931
2000,"Oklahoma",36.1413128261665
2001,"Oklahoma",36.2130189445762
2002,"Oklahoma",36.2908509061211
2003,"Oklahoma",36.2164997347499
2004,"Oklahoma",36.621852985257
2005,"Oklahoma",36.8377439595752
2006,"Oklahoma",36.893398602821
2000,"Oregon",36.4027923643902
2001,"Oregon",36.538505685537
2002,"Oregon",36.692990007852
2003,"Oregon",37.1246004613006
2004,"Oregon",37.252239978279
2005,"Oregon",37.3637035576741
2006,"Oregon",37.7099569871902
2000,"Pennsylvania",38.1694574351788
2001,"Pennsylvania",38.2244606397765
2002,"Pennsylvania",38.2413978572242
2003,"Pennsylvania",38.3809896405416
2004,"Pennsylvania",38.5416666109798
2005,"Pennsylvania",38.7504069425189
2006,"Pennsylvania",38.8883821796356
2000,"Rhode Island",37.4093816758959
2001,"Rhode Island",37.4213980562728
2002,"Rhode Island",37.7853083447003
2003,"Rhode Island",37.7550048399724
2004,"Rhode Island",37.8622394170889
2005,"Rhode Island",37.893202643223
2006,"Rhode Island",38.135085845955
2000,"South Carolina",35.8469423238557
2001,"South Carolina",35.9477411047199
2002,"South Carolina",36.3680796012185
2003,"South Carolina",36.4337148592023
2004,"South Carolina",36.6016823824005
2005,"South Carolina",36.7287068271458
2006,"South Carolina",37.1729904941835
2000,"South Dakota",36.1933856291707
2001,"South Dakota",36.70297046024
2002,"South Dakota",36.5038751958774
2003,"South Dakota",36.4902447681305
2004,"South Dakota",36.8355855855856
2005,"South Dakota",36.8732678983834
2006,"South Dakota",37.2901285171482
2000,"Tennessee",36.3831610453352
2001,"Tennessee",36.225285817686
2002,"Tennessee",36.5055001417954
2003,"Tennessee",36.5851535660303
2004,"Tennessee",36.8504023999302
2005,"Tennessee",37.0316215006673
2006,"Tennessee",37.1964899335183
2000,"Texas",33.3688268706394
2001,"Texas",33.3113465228362
2002,"Texas",33.5713098100601
2003,"Texas",33.4626578805528
2004,"Texas",33.7041948045321
2005,"Texas",33.851221915248
2006,"Texas",34.1150966043884
2000,"Utah",30.8552478678944
2001,"Utah",30.6668211250642
2002,"Utah",31.1046720340126
2003,"Utah",30.8268753071479
2004,"Utah",31.0350368082701
2005,"Utah",31.1550696960095
2006,"Utah",31.4771446823078
2000,"Vermont",37.3746156439649
2001,"Vermont",38.028119887696
2002,"Vermont",37.9735476464605
2003,"Vermont",38.3258516725941
2004,"Vermont",38.6823462619374
2005,"Vermont",38.9298360107369
2006,"Vermont",38.7604117914821
2000,"Virginia",35.6305073962379
2001,"Virginia",35.7072826713178
2002,"Virginia",35.9450583459275
2003,"Virginia",36.1465271654653
2004,"Virginia",36.3209779330554
2005,"Virginia",36.5442003440039
2006,"Virginia",36.7679568340956
2000,"Washington",35.1630238304534
2001,"Washington",35.4481862713017
2002,"Washington",35.7481953069898
2003,"Washington",36.1177379564435
2004,"Washington",36.2665307819957
2005,"Washington",36.4988000557343
2006,"Washington",36.6839818893592
2000,"West Virginia",39.1374097456356
2001,"West Virginia",38.7000565853714
2002,"West Virginia",38.9978856418389
2003,"West Virginia",38.9065213455685
2004,"West Virginia",39.2813971680521
2005,"West Virginia",39.62550587406
2006,"West Virginia",39.5885178199255
2000,"Wisconsin",35.8820515853107
2001,"Wisconsin",36.5771109577651
2002,"Wisconsin",36.6133445221086
2003,"Wisconsin",36.6902522526354
2004,"Wisconsin",36.9516331125615
2005,"Wisconsin",37.1409023759011
2006,"Wisconsin",37.4803246860527
2000,"Wyoming",35.7798786274887
2001,"Wyoming",36.205114379221
2002,"Wyoming",36.5605620904518
2003,"Wyoming",36.741599824353
2004,"Wyoming",37.2065177226344
2005,"Wyoming",37.9179573830868
2006,"Wyoming",36.9557673338459
