"Year","State","bachelors_percent"
2011,"Alabama",15.5871648267447
2012,"Alabama",16.2862765275072
2013,"Alabama",16.5050451805048
2014,"Alabama",16.1479711723795
2015,"Alabama",16.9096017908289
2016,"Alabama",17.5159870869574
2017,"Alabama",18.0442595277252
2018,"Alabama",18.0177832025436
2019,"Alabama",18.7427151943074
2020,"Alabama",19.9173496134105
2011,"Alaska",16.9346826839791
2012,"Alaska",18.7664485152075
2013,"Alaska",18.7853337903941
2014,"Alaska",19.559758501056
2015,"Alaska",18.6405789564916
2016,"Alaska",19.7547088937234
2017,"Alaska",19.4607965720233
2018,"Alaska",20.356965602532
2019,"Alaska",20.9786137558182
2020,"Alaska",21.5763584828666
2011,"Arizona",17.7474140012233
2012,"Arizona",18.6901928888774
2013,"Arizona",18.7801661902048
2014,"Arizona",18.7482581849708
2015,"Arizona",19.273688812277
2016,"Arizona",19.9515053301286
2017,"Arizona",20.2737066846059
2018,"Arizona",20.81989267178
2019,"Arizona",21.4439989904814
2020,"Arizona",23.7042905873345
2011,"Arkansas",14.1277388299916
2012,"Arkansas",14.6343109207424
2013,"Arkansas",14.3226622666355
2014,"Arkansas",14.9656364397012
2015,"Arkansas",15.0117990574185
2016,"Arkansas",15.4828180258131
2017,"Arkansas",16.4365227064464
2018,"Arkansas",16.3937521256211
2019,"Arkansas",16.5078315225243
2020,"Arkansas",17.6157568478889
2011,"California",20.5488779661801
2012,"California",21.1184253588785
2013,"California",21.3630248842752
2014,"California",21.9469441401972
2015,"California",22.4763798876265
2016,"California",23.0899721648528
2017,"California",23.7677933941449
2018,"California",24.3887858660828
2019,"California",24.9605444877146
2020,"California",26.6520892927469
2011,"Colorado",25.4172923837495
2012,"Colorado",26.0385474388646
2013,"Colorado",26.2348465852891
2014,"Colorado",26.591329954857
2015,"Colorado",27.6337680016802
2016,"Colorado",28.1239300465929
2017,"Colorado",29.3449225756953
2018,"Colorado",30.1182990832866
2019,"Colorado",30.8488529427291
2020,"Colorado",32.226494901512
2011,"Connecticut",25.9177721507109
2012,"Connecticut",26.6426058539746
2013,"Connecticut",27.0439478543303
2014,"Connecticut",27.4904307503843
2015,"Connecticut",27.8129687213685
2016,"Connecticut",28.4001015531594
2017,"Connecticut",28.3897369811582
2018,"Connecticut",29.2589985347073
2019,"Connecticut",29.6865862411638
2020,"Connecticut",31.6357814129225
2011,"Delaware",19.9896377055234
2012,"Delaware",21.1196913722942
2013,"Delaware",21.494163104686
2014,"Delaware",21.4902726979288
2015,"Delaware",22.5861423735694
2016,"Delaware",23.0120842589529
2017,"Delaware",23.1841104269605
2018,"Delaware",22.6683802554047
2019,"Delaware",24.8188472771637
2020,"Delaware",25.3645435170972
2011,"District of Columbia",39.6785739713526
2012,"District of Columbia",40.5971315292975
2013,"District of Columbia",41.4335856347523
2014,"District of Columbia",41.7538204230429
2015,"District of Columbia",43.1030840726658
2016,"District of Columbia",42.971358104438
2017,"District of Columbia",43.2654343402904
2018,"District of Columbia",45.7414353944381
2019,"District of Columbia",45.3097347640592
2020,"District of Columbia",48.670356904942
2011,"Florida",18.7272209606045
2012,"Florida",19.4597684346187
2013,"Florida",19.8455162058134
2014,"Florida",20.0117707989782
2015,"Florida",21.0419208029965
2016,"Florida",21.178983234347
2017,"Florida",21.9435628371552
2018,"Florida",22.6737889581008
2019,"Florida",23.0132532119189
2020,"Florida",25.388765439219
2011,"Georgia",18.5134907964272
2012,"Georgia",19.0448132524928
2013,"Georgia",19.2757286782737
2014,"Georgia",19.7486110950178
2015,"Georgia",20.290645197291
2016,"Georgia",21.009282789145
2017,"Georgia",21.3725285081691
2018,"Georgia",22.2396745084712
2019,"Georgia",22.6013977214622
2020,"Georgia",24.4386165561005
2011,"Hawaii",20.9115441406449
2012,"Hawaii",21.3993548864372
2013,"Hawaii",22.3630287723976
2014,"Hawaii",22.4467282490855
2015,"Hawaii",22.5001624053596
2016,"Hawaii",23.9704821018692
2017,"Hawaii",23.6949909564579
2018,"Hawaii",24.2609069680836
2019,"Hawaii",23.9790743796049
2020,"Hawaii",25.7798109110327
2011,"Idaho",16.6469714224425
2012,"Idaho",16.9450557989833
2013,"Idaho",17.4540485418104
2014,"Idaho",16.5832346261527
2015,"Idaho",16.9200509991359
2016,"Idaho",18.2420951317181
2017,"Idaho",18.0031602679879
2018,"Idaho",18.5179294587643
2019,"Idaho",19.7799184696695
2020,"Idaho",21.3659176726009
2011,"Illinois",21.6798729437336
2012,"Illinois",22.0766268318569
2013,"Illinois",22.7188738512677
2014,"Illinois",23.4730501266247
2015,"Illinois",23.4702035265177
2016,"Illinois",24.254872793029
2017,"Illinois",24.5713900060951
2018,"Illinois",25.3996756946821
2019,"Illinois",26.1342312205957
2020,"Illinois",27.3862559371895
2011,"Indiana",15.6543073555277
2012,"Indiana",16.1428496692994
2013,"Indiana",16.4638279493439
2014,"Indiana",17.2093520321426
2015,"Indiana",17.4872803519203
2016,"Indiana",18.0449937607916
2017,"Indiana",18.8660617403985
2018,"Indiana",18.9581310358617
2019,"Indiana",19.1393357821544
2020,"Indiana",20.5743454134123
2011,"Iowa",18.003245263623
2012,"Iowa",18.8970999152296
2013,"Iowa",18.380373386625
2014,"Iowa",19.4677332042537
2015,"Iowa",19.0758408002307
2016,"Iowa",20.4373761641092
2017,"Iowa",20.6454756969092
2018,"Iowa",20.3302763339454
2019,"Iowa",20.92780825782
2020,"Iowa",21.0649487852986
2011,"Kansas",20.5294719559995
2012,"Kansas",20.329463374574
2013,"Kansas",21.064238342173
2014,"Kansas",21.4581781605574
2015,"Kansas",21.6105625659207
2016,"Kansas",22.6145732330016
2017,"Kansas",23.3341674896666
2018,"Kansas",23.0650761975745
2019,"Kansas",22.7821649159686
2020,"Kansas",24.687874944294
2011,"Kentucky",14.4840109160252
2012,"Kentucky",15.1999068581402
2013,"Kentucky",15.908761527952
2014,"Kentucky",16.065320224033
2015,"Kentucky",16.2432329090559
2016,"Kentucky",16.5915779538037
2017,"Kentucky",17.0395328981325
2018,"Kentucky",17.9879070862469
2019,"Kentucky",18.1953558373677
2020,"Kentucky",19.581097009243
2011,"Louisiana",14.3922973413692
2012,"Louisiana",15.3068748013046
2013,"Louisiana",15.6128998782826
2014,"Louisiana",15.8000471430698
2015,"Louisiana",16.1581373679969
2016,"Louisiana",16.1832988513064
2017,"Louisiana",16.7161472081511
2018,"Louisiana",17.0057669800158
2019,"Louisiana",17.6729276453205
2020,"Louisiana",19.5207727818196
2011,"Maine",21.2190593500318
2012,"Maine",20.6885085074241
2013,"Maine",20.7881189669217
2014,"Maine",22.3063268698561
2015,"Maine",22.8981109252194
2016,"Maine",23.0990500037928
2017,"Maine",24.6702053361499
2018,"Maine",23.5471501878357
2019,"Maine",25.2292793101088
2020,"Maine",25.9766140645626
2011,"Maryland",26.0471984144918
2012,"Maryland",26.2399263972533
2013,"Maryland",26.4955857950679
2014,"Maryland",27.1787714591727
2015,"Maryland",27.9566082917208
2016,"Maryland",28.1436036916805
2017,"Maryland",28.7393445366849
2018,"Maryland",29.4745179238879
2019,"Maryland",29.7077417263236
2020,"Maryland",31.5790022731608
2011,"Massachusetts",28.20021021517
2012,"Massachusetts",28.6062865926468
2013,"Massachusetts",29.2675707593685
2014,"Massachusetts",30.3971976194768
2015,"Massachusetts",30.6828601461611
2016,"Massachusetts",31.5411813323331
2017,"Massachusetts",32.3023391725059
2018,"Massachusetts",33.0587058004864
2019,"Massachusetts",33.5848529917216
2020,"Massachusetts",35.1011097798762
2011,"Michigan",18.0799229500211
2012,"Michigan",18.4625066778909
2013,"Michigan",19.0315980137479
2014,"Michigan",19.5054388666983
2015,"Michigan",19.9819280799663
2016,"Michigan",20.154054571276
2017,"Michigan",20.940552849635
2018,"Michigan",21.410306110046
2019,"Michigan",21.947445527657
2020,"Michigan",23.4975845256123
2011,"Minnesota",22.925965707995
2012,"Minnesota",23.0962984968412
2013,"Minnesota",23.5815016659349
2014,"Minnesota",24.1907119308844
2015,"Minnesota",24.8093757024654
2016,"Minnesota",24.5197784328559
2017,"Minnesota",25.4942163746193
2018,"Minnesota",26.5323740340488
2019,"Minnesota",26.7709666162615
2020,"Minnesota",27.5015942590709
2011,"Mississippi",13.4925425850223
2012,"Mississippi",13.6993345898692
2013,"Mississippi",13.8178668343582
2014,"Mississippi",14.2156235690508
2015,"Mississippi",14.2753831207957
2016,"Mississippi",14.9136454797128
2017,"Mississippi",15.0278475922389
2018,"Mississippi",16.2430646938085
2019,"Mississippi",15.3091125477925
2020,"Mississippi",17.2293452799965
2011,"Missouri",18.4902959528094
2012,"Missouri",18.2627896302683
2013,"Missouri",19.2001020487342
2014,"Missouri",19.4300108401147
2015,"Missouri",19.6917749674867
2016,"Missouri",20.1849991793862
2017,"Missouri",20.7442931516511
2018,"Missouri",21.2548470142262
2019,"Missouri",21.778096622885
2020,"Missouri",22.8793040646226
2011,"Montana",21.0303757066477
2012,"Montana",20.4122605684178
2013,"Montana",20.5001157447312
2014,"Montana",19.7422963933414
2015,"Montana",20.6531009759436
2016,"Montana",22.1889268311399
2017,"Montana",22.5752099252446
2018,"Montana",22.3504549070182
2019,"Montana",23.7155892056161
2020,"Montana",24.4971899801332
2011,"Nebraska",19.2257200398775
2012,"Nebraska",20.3614610420231
2013,"Nebraska",20.6535025656724
2014,"Nebraska",20.789549631332
2015,"Nebraska",20.8250228088957
2016,"Nebraska",22.1029554573503
2017,"Nebraska",21.6099779383733
2018,"Nebraska",22.8312499870417
2019,"Nebraska",23.5428616920526
2020,"Nebraska",23.418762881309
2011,"Nevada",15.3467346130939
2012,"Nevada",15.6457700464419
2013,"Nevada",15.5192793469566
2014,"Nevada",16.0577704405517
2015,"Nevada",16.7362483979598
2016,"Nevada",16.4238596653535
2017,"Nevada",17.8306553050177
2018,"Nevada",17.656848554834
2019,"Nevada",18.3697514022017
2020,"Nevada",20.1823054297941
2011,"New Hampshire",24.2056176860159
2012,"New Hampshire",25.5860070052805
2013,"New Hampshire",25.7367247493122
2014,"New Hampshire",26.0130854913239
2015,"New Hampshire",26.3151882447723
2016,"New Hampshire",27.603883751196
2017,"New Hampshire",27.5539453155545
2018,"New Hampshire",27.939855943262
2019,"New Hampshire",28.575851780268
2020,"New Hampshire",30.7574830671925
2011,"New Jersey",25.1841170458971
2012,"New Jersey",25.9746136031108
2013,"New Jersey",26.1649882086748
2014,"New Jersey",26.8228581337913
2015,"New Jersey",27.3542134846199
2016,"New Jersey",28.2034741246238
2017,"New Jersey",28.9684002609919
2018,"New Jersey",29.7167542981326
2019,"New Jersey",30.3342081175926
2020,"New Jersey",31.7955974988183
2011,"New Mexico",17.1235179308278
2012,"New Mexico",17.6596158880826
2013,"New Mexico",17.7251380745192
2014,"New Mexico",17.9008924170443
2015,"New Mexico",17.9767580495792
2016,"New Mexico",18.7519551757195
2017,"New Mexico",18.8574616751354
2018,"New Mexico",19.1337521499188
2019,"New Mexico",19.9435910129057
2020,"New Mexico",21.6357636385327
2011,"New York",23.8992032806038
2012,"New York",24.2591603658224
2013,"New York",24.6268827228077
2014,"New York",25.3483108443957
2015,"New York",25.7991812501961
2016,"New York",26.2024475812939
2017,"New York",26.8428076840009
2018,"New York",27.6930514866564
2019,"New York",28.311567224119
2020,"New York",29.5167833652677
2011,"North Carolina",18.5107060073417
2012,"North Carolina",19.020602081219
2013,"North Carolina",19.7943757450706
2014,"North Carolina",20.156478844855
2015,"North Carolina",20.8293263174959
2016,"North Carolina",21.658055731528
2017,"North Carolina",22.3318838645635
2018,"North Carolina",22.8689609211431
2019,"North Carolina",23.0874390403433
2020,"North Carolina",25.0998842104808
2011,"North Dakota",17.798114432429
2012,"North Dakota",20.1281252322663
2013,"North Dakota",19.55396306019
2014,"North Dakota",18.317687245937
2015,"North Dakota",20.9295996448804
2016,"North Dakota",20.6295113285388
2017,"North Dakota",21.6529673957794
2018,"North Dakota",20.2340026076305
2019,"North Dakota",20.8683807879149
2020,"North Dakota",23.0120483508467
2011,"Ohio",17.4530580510909
2012,"Ohio",17.8630527384905
2013,"Ohio",18.4830221018273
2014,"Ohio",18.8658637971538
2015,"Ohio",19.0985896234039
2016,"Ohio",19.863000783598
2017,"Ohio",20.154376907228
2018,"Ohio",20.8260069214596
2019,"Ohio",21.1876021250567
2020,"Ohio",22.2534193515734
2011,"Oklahoma",16.1431546498122
2012,"Oklahoma",16.3234176186557
2013,"Oklahoma",16.3688837594869
2014,"Oklahoma",16.5811383089083
2015,"Oklahoma",17.2501583856982
2016,"Oklahoma",17.4089812800158
2017,"Oklahoma",17.43893963261
2018,"Oklahoma",17.7657358627611
2019,"Oklahoma",18.105439741661
2020,"Oklahoma",18.8274076053433
2011,"Oregon",20.6955883465798
2012,"Oregon",21.4034738583555
2013,"Oregon",21.5762080270937
2014,"Oregon",21.7900484076651
2015,"Oregon",23.2600235742224
2016,"Oregon",23.6253882713056
2017,"Oregon",24.3633495993991
2018,"Oregon",25.0539228050215
2019,"Oregon",25.2319193918445
2020,"Oregon",27.1476942742713
2011,"Pennsylvania",19.6621236351012
2012,"Pennsylvania",20.5131634368407
2013,"Pennsylvania",20.8595781318341
2014,"Pennsylvania",21.1890178693411
2015,"Pennsylvania",21.686251508787
2016,"Pennsylvania",22.7170559471449
2017,"Pennsylvania",23.3643227925545
2018,"Pennsylvania",23.5493704253748
2019,"Pennsylvania",24.1030202416203
2020,"Pennsylvania",25.3379094251741
2011,"Rhode Island",22.4140161437912
2012,"Rhode Island",22.6034283799172
2013,"Rhode Island",23.8471114424861
2014,"Rhode Island",22.1033896811234
2015,"Rhode Island",24.1244421555281
2016,"Rhode Island",25.3654302336368
2017,"Rhode Island",24.7158702161774
2018,"Rhode Island",25.7385925670212
2019,"Rhode Island",25.9815114960811
2020,"Rhode Island",28.0582454940268
2011,"South Carolina",16.5524242236436
2012,"South Carolina",17.6559463795824
2013,"South Carolina",18.1386011130428
2014,"South Carolina",18.5079427093572
2015,"South Carolina",18.9389572941657
2016,"South Carolina",19.6633461120364
2017,"South Carolina",20.0447260143513
2018,"South Carolina",20.2045306893396
2019,"South Carolina",21.254511320691
2020,"South Carolina",23.034320816453
2011,"South Dakota",17.2991279993981
2012,"South Dakota",18.0204330932593
2013,"South Dakota",17.8752646834983
2014,"South Dakota",18.1340287748703
2015,"South Dakota",19.2748951913232
2016,"South Dakota",20.1548551396146
2017,"South Dakota",19.2740661357349
2018,"South Dakota",20.0977063934213
2019,"South Dakota",20.9593753073218
2020,"South Dakota",20.0516586152793
2011,"Tennessee",16.6209328144177
2012,"Tennessee",17.3708920187793
2013,"Tennessee",17.4147295449584
2014,"Tennessee",18.0153700701993
2015,"Tennessee",18.4661482760099
2016,"Tennessee",18.7734412798664
2017,"Tennessee",19.6377031273452
2018,"Tennessee",19.7361008329382
2019,"Tennessee",20.792368154626
2020,"Tennessee",22.4948812213224
2011,"Texas",17.311369905628
2012,"Texas",17.7681220718838
2013,"Texas",18.1624317396655
2014,"Texas",18.4808909076462
2015,"Texas",18.7808824121521
2016,"Texas",19.3410118712556
2017,"Texas",19.85263100028
2018,"Texas",20.3744637322095
2019,"Texas",20.850147646833
2020,"Texas",22.7610305491076
2011,"Utah",17.676810702174
2012,"Utah",18.4666550157655
2013,"Utah",18.6814516462636
2014,"Utah",18.9431724196049
2015,"Utah",19.1760858688102
2016,"Utah",19.685358334068
2017,"Utah",20.9676020598143
2018,"Utah",21.5642314949994
2019,"Utah",21.8493192986309
2020,"Utah",22.8624337198248
2011,"Vermont",26.9153346497858
2012,"Vermont",25.4853349222298
2013,"Vermont",25.0115698258941
2014,"Vermont",26.4301058793862
2015,"Vermont",27.7663479447066
2016,"Vermont",26.4659923086037
2017,"Vermont",27.7755240460702
2018,"Vermont",29.4779330639199
2019,"Vermont",29.1609307215352
2020,"Vermont",30.2472457946111
2011,"Virginia",24.8969073947546
2012,"Virginia",25.1846139205536
2013,"Virginia",25.5466650848233
2014,"Virginia",25.8854214644723
2015,"Virginia",26.2730864740076
2016,"Virginia",27.2719015935694
2017,"Virginia",27.8787771457446
2018,"Virginia",28.3227074023047
2019,"Virginia",28.5739742363645
2020,"Virginia",30.5018060872127
2011,"Washington",22.1923069827723
2012,"Washington",22.4508091329985
2013,"Washington",23.1704049369668
2014,"Washington",23.5328037974773
2015,"Washington",24.2495939180662
2016,"Washington",25.0578896816685
2017,"Washington",25.5582188039742
2018,"Washington",26.4091960404964
2019,"Washington",26.707624125513
2020,"Washington",27.8587698458426
2011,"West Virginia",13.8197140830586
2012,"West Virginia",13.4431525487856
2013,"West Virginia",13.6843796917873
2014,"West Virginia",14.2086313438821
2015,"West Virginia",14.6405238681914
2016,"West Virginia",15.615132308304
2017,"West Virginia",14.8651022630086
2018,"West Virginia",15.9795041842209
2019,"West Virginia",16.190357152622
2020,"West Virginia",17.3386903106399
2011,"Wisconsin",18.6782479047202
2012,"Wisconsin",19.3838081111372
2013,"Wisconsin",19.6666279509354
2014,"Wisconsin",20.3897690064757
2015,"Wisconsin",20.6710334191193
2016,"Wisconsin",21.3700672589674
2017,"Wisconsin",21.8965873940101
2018,"Wisconsin",21.9931546341249
2019,"Wisconsin",22.6174139543703
2020,"Wisconsin",23.2598961389719
2011,"Wyoming",17.099116794976
2012,"Wyoming",17.7140656336093
2013,"Wyoming",18.6050822266235
2014,"Wyoming",17.9485511501268
2015,"Wyoming",18.3053606252783
2016,"Wyoming",18.3950155507847
2017,"Wyoming",18.8816101775373
2018,"Wyoming",19.0998672406303
2019,"Wyoming",20.185431241674
2020,"Wyoming",19.7760317009856
2000,"Alabama",13.851833516297
2001,"Alabama",13.1909110743721
2002,"Alabama",14.1566524896567
2003,"Alabama",14.5109300171522
2004,"Alabama",14.9849396055189
2005,"Alabama",14.6176267261681
2006,"Alabama",14.4573094761287
2007,"Alabama",14.8118424728886
2008,"Alabama",15.3023016366717
2009,"Alabama",15.1792168892189
2010,"Alabama",15.2117590168888
2000,"Alaska",15.0772445533528
2001,"Alaska",15.934047188525
2002,"Alaska",17.4402324702204
2003,"Alaska",16.4591510116984
2004,"Alaska",16.8817997273426
2005,"Alaska",16.687943197741
2006,"Alaska",17.0811861151282
2007,"Alaska",16.8119529816614
2008,"Alaska",17.4941315152566
2009,"Alaska",17.285707536297
2010,"Alaska",18.3159310069539
2000,"Arizona",15.3644906169691
2001,"Arizona",15.0076474546555
2002,"Arizona",15.0811375349869
2003,"Arizona",15.7903422258093
2004,"Arizona",16.1449503356038
2005,"Arizona",16.8949889653695
2006,"Arizona",17.0506937851729
2007,"Arizona",16.91855892837
2008,"Arizona",16.7933964905587
2009,"Arizona",16.9804380923676
2010,"Arizona",17.4078232394001
2000,"Arkansas",10.9918855413868
2001,"Arkansas",12.4491387184179
2002,"Arkansas",13.4346825466301
2003,"Arkansas",12.9186106478168
2004,"Arkansas",12.4861900814429
2005,"Arkansas",12.8642706978418
2006,"Arkansas",12.8026818723869
2007,"Arkansas",13.2766120466474
2008,"Arkansas",13.0209533548832
2009,"Arkansas",12.9053626122619
2010,"Arkansas",13.4420246946371
2000,"California",17.7005258038862
2001,"California",18.1363253353405
2002,"California",18.6474196640425
2003,"California",19.1810021033925
2004,"California",19.333392759726
2005,"California",19.4046382845142
2006,"California",19.2014553693667
2007,"California",19.6205559483619
2008,"California",19.8324815422596
2009,"California",20.0035555758529
2010,"California",20.2323450603428
2000,"Colorado",22.7622571967279
2001,"Colorado",22.5524969847434
2002,"Colorado",22.5336702955429
2003,"Colorado",23.5569119034365
2004,"Colorado",22.5787248552942
2005,"Colorado",24.118147247557
2006,"Colorado",23.5915434437454
2007,"Colorado",24.0013041202177
2008,"Colorado",24.479416356781
2009,"Colorado",24.7006616053183
2010,"Colorado",25.2351571209832
2000,"Connecticut",23.3988263938167
2001,"Connecticut",23.2370382719284
2002,"Connecticut",22.9222960620473
2003,"Connecticut",24.5687567278637
2004,"Connecticut",24.5978516487618
2005,"Connecticut",24.9381419040172
2006,"Connecticut",23.9473249469515
2007,"Connecticut",24.5275331217206
2008,"Connecticut",25.310317566402
2009,"Connecticut",25.2461424420059
2010,"Connecticut",25.3084015897914
2000,"Delaware",17.7173410175406
2001,"Delaware",17.3858835117551
2002,"Delaware",17.4024987823134
2003,"Delaware",19.0933937670191
2004,"Delaware",19.628864904193
2005,"Delaware",19.4845433249596
2006,"Delaware",19.3878913994067
2007,"Delaware",18.0212173494734
2008,"Delaware",18.5013721348953
2009,"Delaware",20.0006326811445
2010,"Delaware",19.348743955393
2000,"District of Columbia",30.692294328658
2001,"District of Columbia",31.7603401335173
2002,"District of Columbia",31.8877512919318
2003,"District of Columbia",33.2452024457267
2004,"District of Columbia",36.7202368773573
2005,"District of Columbia",34.5294274950253
2006,"District of Columbia",34.3234226953038
2007,"District of Columbia",35.7699917727931
2008,"District of Columbia",35.8901919967288
2009,"District of Columbia",35.7529387633264
2010,"District of Columbia",38.6173945699666
2000,"Florida",16.4544666889714
2001,"Florida",16.875728097152
2002,"Florida",16.9730862526031
2003,"Florida",17.6928880567844
2004,"Florida",17.943307642886
2005,"Florida",17.7834756315391
2006,"Florida",18.0929578948771
2007,"Florida",18.4495981999692
2008,"Florida",18.5480518148397
2009,"Florida",18.1919227505451
2010,"Florida",18.6606653199122
2000,"Georgia",15.0843147182714
2001,"Georgia",16.1765170908273
2002,"Georgia",16.0967848909011
2003,"Georgia",17.0203147163488
2004,"Georgia",16.8895355375979
2005,"Georgia",18.0409044936884
2006,"Georgia",17.5984769660552
2007,"Georgia",17.8732077843841
2008,"Georgia",18.2203556071686
2009,"Georgia",18.3346862733947
2010,"Georgia",18.2264725144804
2000,"Hawaii",19.3320095718141
2001,"Hawaii",18.0392305330153
2002,"Hawaii",19.4632849470062
2003,"Hawaii",19.5565049083997
2004,"Hawaii",20.3596064573336
2005,"Hawaii",19.3764461338961
2006,"Hawaii",20.4068773346983
2007,"Hawaii",20.5680589190486
2008,"Hawaii",20.441345196934
2009,"Hawaii",21.3353685748214
2010,"Hawaii",20.5055510292083
2000,"Idaho",14.2949677386897
2001,"Idaho",14.1875250098488
2002,"Idaho",14.612556561086
2003,"Idaho",15.5136836025548
2004,"Idaho",15.2398408413177
2005,"Idaho",15.4290277925674
2006,"Idaho",15.4099825089586
2007,"Idaho",16.030991021754
2008,"Idaho",15.8254014920437
2009,"Idaho",15.58020728412
2010,"Idaho",16.0257087403354
2000,"Illinois",18.4553414760815
2001,"Illinois",19.0630175589849
2002,"Illinois",19.1903388315593
2003,"Illinois",19.1944714945047
2004,"Illinois",19.8400788852319
2005,"Illinois",20.0324244020028
2006,"Illinois",19.7124837417793
2007,"Illinois",20.3099260940321
2008,"Illinois",20.5748078295004
2009,"Illinois",21.0747312498001
2010,"Illinois",21.5246147250608
2000,"Indiana",13.3000629833993
2001,"Indiana",14.0525042583065
2002,"Indiana",14.0037605919106
2003,"Indiana",14.2614938520098
2004,"Indiana",14.6207139711451
2005,"Indiana",14.4109924140122
2006,"Indiana",14.9162432367364
2007,"Indiana",15.3191446441604
2008,"Indiana",15.9009420410765
2009,"Indiana",15.4236894166427
2010,"Indiana",15.664803105897
2000,"Iowa",14.9234507570547
2001,"Iowa",15.8085787390668
2002,"Iowa",15.6994379697162
2003,"Iowa",15.7541454255296
2004,"Iowa",16.9328443467594
2005,"Iowa",17.1679190075646
2006,"Iowa",17.0108497913373
2007,"Iowa",16.7630562705339
2008,"Iowa",17.1062864085511
2009,"Iowa",17.7150044034673
2010,"Iowa",17.6954984830566
2000,"Kansas",17.2200879362357
2001,"Kansas",18.5630910697089
2002,"Kansas",17.8610937534404
2003,"Kansas",19.4668528061166
2004,"Kansas",19.1499080066962
2005,"Kansas",19.1756074373928
2006,"Kansas",19.3604732143665
2007,"Kansas",19.6647907040245
2008,"Kansas",20.2324371354118
2009,"Kansas",20.3664252236898
2010,"Kansas",20.3540958928976
2000,"Kentucky",10.5949060068855
2001,"Kentucky",12.5324752246688
2002,"Kentucky",13.3245670109597
2003,"Kentucky",12.8791996874372
2004,"Kentucky",13.3656683206264
2005,"Kentucky",13.5398529381019
2006,"Kentucky",14.07892490717
2007,"Kentucky",14.0745174908534
2008,"Kentucky",13.6835201540319
2009,"Kentucky",14.6224959800543
2010,"Kentucky",14.5588189954319
2000,"Louisiana",13.0248694146323
2001,"Louisiana",12.4198872513337
2002,"Louisiana",13.3128150178433
2003,"Louisiana",13.9881197864256
2004,"Louisiana",14.3193685743644
2005,"Louisiana",13.8551840008425
2006,"Louisiana",13.4529666717043
2007,"Louisiana",13.6077857003767
2008,"Louisiana",13.8005929088536
2009,"Louisiana",14.7111714049362
2010,"Louisiana",14.6693123672492
2000,"Maine",16.9764641970958
2001,"Maine",16.368349783702
2002,"Maine",17.3959367931486
2003,"Maine",18.4906052406654
2004,"Maine",18.8413458718646
2005,"Maine",18.5372179085112
2006,"Maine",18.8578165127341
2007,"Maine",19.3122265520909
2008,"Maine",17.8181420419672
2009,"Maine",19.4176443771187
2010,"Maine",19.6149045584893
2000,"Maryland",21.7447518738321
2001,"Maryland",22.4943907719933
2002,"Maryland",22.6824355458695
2003,"Maryland",23.700363926165
2004,"Maryland",23.9207779011652
2005,"Maryland",23.7962050015761
2006,"Maryland",24.4945845836167
2007,"Maryland",24.4744536824374
2008,"Maryland",24.8436833518621
2009,"Maryland",25.1126155763738
2010,"Maryland",25.3639745163397
2000,"Massachusetts",24.3687357162799
2001,"Massachusetts",26.0237355365027
2002,"Massachusetts",25.6931110286488
2003,"Massachusetts",25.8467085946597
2004,"Massachusetts",27.047655580752
2005,"Massachusetts",26.5078994424075
2006,"Massachusetts",26.210989790115
2007,"Massachusetts",27.3987306494588
2008,"Massachusetts",27.4387358384553
2009,"Massachusetts",27.5265344948053
2010,"Massachusetts",28.1872869344393
2000,"Michigan",15.8852670555799
2001,"Michigan",16.0543902558971
2002,"Michigan",15.9408128732317
2003,"Michigan",16.6360840396343
2004,"Michigan",16.7671206587991
2005,"Michigan",17.1877448965897
2006,"Michigan",16.963000771719
2007,"Michigan",17.1015532244315
2008,"Michigan",17.2434692848107
2009,"Michigan",17.3275155879394
2010,"Michigan",17.7370880744604
2000,"Minnesota",18.6648517090576
2001,"Minnesota",19.6791103735511
2002,"Minnesota",20.7665931426214
2003,"Minnesota",20.8780254590632
2004,"Minnesota",20.4961816974769
2005,"Minnesota",21.4512657290419
2006,"Minnesota",20.9756302421803
2007,"Minnesota",21.4756327943111
2008,"Minnesota",22.0789124496949
2009,"Minnesota",21.7770448035259
2010,"Minnesota",22.4847399080779
2000,"Mississippi",11.6880882587523
2001,"Mississippi",12.2056552666886
2002,"Mississippi",11.8326112605869
2003,"Mississippi",12.4795498194061
2004,"Mississippi",12.6406807967328
2005,"Mississippi",12.4604117880658
2006,"Mississippi",12.4040899626873
2007,"Mississippi",12.4672081020013
2008,"Mississippi",12.9324396706207
2009,"Mississippi",13.2163119462222
2010,"Mississippi",13.2241158019633
2000,"Missouri",15.4039405459175
2001,"Missouri",15.5854094754514
2002,"Missouri",16.3200422453904
2003,"Missouri",16.6899126092204
2004,"Missouri",16.9201307251768
2005,"Missouri",16.7769857027026
2006,"Missouri",16.5334665591139
2007,"Missouri",17.3151266115101
2008,"Missouri",17.6011252443287
2009,"Missouri",17.7123144909964
2010,"Missouri",17.7570043582377
2000,"Montana",17.0446910416693
2001,"Montana",17.1286797489499
2002,"Montana",16.6842973903149
2003,"Montana",17.5486506513846
2004,"Montana",18.6878881729669
2005,"Montana",18.9574611056569
2006,"Montana",18.5470108994826
2007,"Montana",18.1259076212519
2008,"Montana",18.8157405110394
2009,"Montana",18.6844159267438
2010,"Montana",20.91335334212
2000,"Nebraska",16.2484981313072
2001,"Nebraska",16.9060899602012
2002,"Nebraska",16.9423644621569
2003,"Nebraska",17.2037101915265
2004,"Nebraska",17.5937300105167
2005,"Nebraska",17.8246694832164
2006,"Nebraska",17.9146890486001
2007,"Nebraska",18.2811507682702
2008,"Nebraska",18.6656962530671
2009,"Nebraska",18.3902902224285
2010,"Nebraska",18.9414066319972
2000,"Nevada",10.9541817227278
2001,"Nevada",12.5222026152401
2002,"Nevada",12.4994742484557
2003,"Nevada",12.9534955566608
2004,"Nevada",12.9344858349807
2005,"Nevada",14.0313390013624
2006,"Nevada",14.3200499773795
2007,"Nevada",14.666236841141
2008,"Nevada",14.9014274852346
2009,"Nevada",14.7173473422156
2010,"Nevada",14.6449326750084
2000,"New Hampshire",20.2642683765895
2001,"New Hampshire",20.4561650686969
2002,"New Hampshire",21.2247470976668
2003,"New Hampshire",21.3470739198384
2004,"New Hampshire",22.5941187191455
2005,"New Hampshire",22.2925284044227
2006,"New Hampshire",22.7992349198985
2007,"New Hampshire",22.7245506251577
2008,"New Hampshire",23.6494050428292
2009,"New Hampshire",23.4047902157296
2010,"New Hampshire",24.1542301970216
2000,"New Jersey",21.9414364705515
2001,"New Jersey",22.8257965192285
2002,"New Jersey",22.277015736198
2003,"New Jersey",22.6052205119897
2004,"New Jersey",23.3274540431038
2005,"New Jersey",23.9267869015684
2006,"New Jersey",23.5595491348561
2007,"New Jersey",23.8667982205685
2008,"New Jersey",24.5038588976352
2009,"New Jersey",24.5654900123339
2010,"New Jersey",25.0760655079108
2000,"New Mexico",14.7409870147479
2001,"New Mexico",15.0710157682149
2002,"New Mexico",16.7378570053323
2003,"New Mexico",15.3444754239239
2004,"New Mexico",15.5917524528822
2005,"New Mexico",16.6253354243638
2006,"New Mexico",16.5295797245368
2007,"New Mexico",16.2132376270042
2008,"New Mexico",16.4313258306473
2009,"New Mexico",16.9273478096664
2010,"New Mexico",16.5228090760006
2000,"New York",19.6231176496116
2001,"New York",19.5907135748695
2002,"New York",20.7691884257728
2003,"New York",21.0804352228445
2004,"New York",21.5098663627898
2005,"New York",22.2135185474376
2006,"New York",22.0181430995448
2007,"New York",22.4909988113109
2008,"New York",22.7895141874954
2009,"New York",23.188679981985
2010,"New York",23.4784011763855
2000,"North Carolina",15.7672988421666
2001,"North Carolina",15.7003662218636
2002,"North Carolina",16.186810458596
2003,"North Carolina",16.6058389680585
2004,"North Carolina",17.0038602045846
2005,"North Carolina",17.4733932816808
2006,"North Carolina",17.1062512808382
2007,"North Carolina",17.8227491084901
2008,"North Carolina",18.1782123422349
2009,"North Carolina",18.2734377698306
2010,"North Carolina",18.2509482241283
2000,"North Dakota",15.4462387011833
2001,"North Dakota",16.3038869142246
2002,"North Dakota",16.6475759735844
2003,"North Dakota",17.4771352973232
2004,"North Dakota",17.0278058885567
2005,"North Dakota",18.2157043649356
2006,"North Dakota",18.3617014249835
2007,"North Dakota",18.3136240357034
2008,"North Dakota",17.8706773856124
2009,"North Dakota",19.0112299101484
2010,"North Dakota",20.4022541175005
2000,"Ohio",14.5353733025502
2001,"Ohio",15.0697853634583
2002,"Ohio",15.0147426863706
2003,"Ohio",15.8516903551749
2004,"Ohio",16.3501070643687
2005,"Ohio",16.2537670295755
2006,"Ohio",15.9300317494171
2007,"Ohio",16.9612111084435
2008,"Ohio",16.9074283186966
2009,"Ohio",16.9872936402358
2010,"Ohio",17.282910411781
2000,"Oklahoma",13.9813758992752
2001,"Oklahoma",13.7449741013126
2002,"Oklahoma",13.9449891478511
2003,"Oklahoma",14.6128673095866
2004,"Oklahoma",15.258182252985
2005,"Oklahoma",15.5532374297881
2006,"Oklahoma",14.8765147188823
2007,"Oklahoma",15.2304360470581
2008,"Oklahoma",15.1880881658902
2009,"Oklahoma",15.1464992338048
2010,"Oklahoma",15.2941673742364
2000,"Oregon",16.7556466581392
2001,"Oregon",17.2949733399581
2002,"Oregon",17.8824833025067
2003,"Oregon",17.9870530828191
2004,"Oregon",19.2000419817676
2005,"Oregon",19.0590526835466
2006,"Oregon",19.2298442643372
2007,"Oregon",20.0797874824381
2008,"Oregon",19.8053592819111
2009,"Oregon",20.388628672147
2010,"Oregon",20.3756905847083
2000,"Pennsylvania",15.9723791905526
2001,"Pennsylvania",16.6863293479434
2002,"Pennsylvania",16.9574476585821
2003,"Pennsylvania",17.4374973084645
2004,"Pennsylvania",17.8377315962584
2005,"Pennsylvania",18.5806564675364
2006,"Pennsylvania",18.3155165646474
2007,"Pennsylvania",18.4178340633383
2008,"Pennsylvania",18.9094090837778
2009,"Pennsylvania",19.1375056754322
2010,"Pennsylvania",19.4799376535745
2000,"Rhode Island",18.587592750614
2001,"Rhode Island",19.5065787538893
2002,"Rhode Island",19.1542761568626
2003,"Rhode Island",20.7451629200267
2004,"Rhode Island",20.263220321658
2005,"Rhode Island",20.7058272459459
2006,"Rhode Island",20.3079776322815
2007,"Rhode Island",21.2984670533695
2008,"Rhode Island",21.8017335561502
2009,"Rhode Island",21.3964179949089
2010,"Rhode Island",21.7144116267098
2000,"South Carolina",15.8148995016797
2001,"South Carolina",15.5414917889135
2002,"South Carolina",15.8505037514801
2003,"South Carolina",16.1887094919289
2004,"South Carolina",16.8629634975583
2005,"South Carolina",16.0709029020997
2006,"South Carolina",15.7928645167173
2007,"South Carolina",16.4751348149345
2008,"South Carolina",16.5099558015983
2009,"South Carolina",16.9691719930668
2010,"South Carolina",17.197764084902
2000,"South Dakota",15.1342613781006
2001,"South Dakota",16.1071640511671
2002,"South Dakota",15.9446584048647
2003,"South Dakota",15.4857081467439
2004,"South Dakota",15.7257107406808
2005,"South Dakota",16.4361611966862
2006,"South Dakota",16.6394473084808
2007,"South Dakota",17.1192454299404
2008,"South Dakota",15.9256348592504
2009,"South Dakota",17.2439600533246
2010,"South Dakota",19.2083413455356
2000,"Tennessee",14.7708768077253
2001,"Tennessee",14.0450043479916
2002,"Tennessee",14.653690323046
2003,"Tennessee",15.0213947242792
2004,"Tennessee",15.5548149653318
2005,"Tennessee",15.4124943113037
2006,"Tennessee",15.36403820426
2007,"Tennessee",15.3321273879805
2008,"Tennessee",16.0337402701384
2009,"Tennessee",16.091441037798
2010,"Tennessee",16.1028564722694
2000,"Texas",15.2227955956594
2001,"Texas",15.384019949706
2002,"Texas",15.6475551521507
2003,"Texas",15.4979680802343
2004,"Texas",16.5095998602869
2005,"Texas",16.2174173012391
2006,"Texas",15.9110367830093
2007,"Texas",16.354383589953
2008,"Texas",16.4195555106854
2009,"Texas",16.606189368526
2010,"Texas",16.9459384789569
2000,"Utah",15.8422978039029
2001,"Utah",14.464842024048
2002,"Utah",15.9478544603559
2003,"Utah",15.1536118429741
2004,"Utah",16.4533137658163
2005,"Utah",16.4285286089875
2006,"Utah",16.9180133981004
2007,"Utah",17.1191873981696
2008,"Utah",17.2302976439324
2009,"Utah",16.6622015878921
2010,"Utah",17.3173192281275
2000,"Vermont",19.3066419420094
2001,"Vermont",21.5795151615425
2002,"Vermont",22.0314319952469
2003,"Vermont",22.8699828863278
2004,"Vermont",23.1409581907058
2005,"Vermont",23.1749410107615
2006,"Vermont",23.3297216897363
2007,"Vermont",24.159200584624
2008,"Vermont",24.0111384744153
2009,"Vermont",24.1544969119918
2010,"Vermont",24.3954885296185
2000,"Virginia",21.613661182144
2001,"Virginia",21.6547312985768
2002,"Virginia",22.0013378684005
2003,"Virginia",22.4072977317653
2004,"Virginia",22.7254570028525
2005,"Virginia",23.0115145130728
2006,"Virginia",22.8169628114204
2007,"Virginia",23.3731292849112
2008,"Virginia",23.3291573825451
2009,"Virginia",23.6691747255661
2010,"Virginia",24.049521615798
2000,"Washington",19.7639978077548
2001,"Washington",20.0431934146703
2002,"Washington",19.9672541518381
2003,"Washington",20.6223184637308
2004,"Washington",21.4755263472142
2005,"Washington",20.8337217305051
2006,"Washington",20.8348356217629
2007,"Washington",20.8940075666036
2008,"Washington",21.5242447044108
2009,"Washington",21.2827805909041
2010,"Washington",21.7440413635059
2000,"West Virginia",9.60352189009005
2001,"West Virginia",11.1602275926194
2002,"West Virginia",11.7126017222594
2003,"West Virginia",12.1493228029283
2004,"West Virginia",12.1572945686382
2005,"West Virginia",12.7329574249207
2006,"West Virginia",12.1937672878849
2007,"West Virginia",12.5808276330203
2008,"West Virginia",12.7324372763807
2009,"West Virginia",12.5407673577587
2010,"West Virginia",12.8287736660674
2000,"Wisconsin",15.7405206602584
2001,"Wisconsin",16.1114862180134
2002,"Wisconsin",15.9457801469877
2003,"Wisconsin",16.4335441257204
2004,"Wisconsin",16.7115021886036
2005,"Wisconsin",17.7793266614091
2006,"Wisconsin",17.63788251106
2007,"Wisconsin",17.9945872994337
2008,"Wisconsin",17.8881436426078
2009,"Wisconsin",17.8671331515636
2010,"Wisconsin",18.4213730795054
2000,"Wyoming",16.3081365239944
2001,"Wyoming",15.5965040846748
2002,"Wyoming",15.9729226352167
2003,"Wyoming",16.2091841236424
2004,"Wyoming",17.1240970166527
2005,"Wyoming",15.6555436388287
2006,"Wyoming",15.1443483934105
2007,"Wyoming",16.7278082742
2008,"Wyoming",15.1011511861047
2009,"Wyoming",16.305142668161
2010,"Wyoming",16.9168763065585
