"Year","State","WHITE_PCT"
2011,"Alabama",69.1170040435252
2012,"Alabama",69.0504586975218
2013,"Alabama",69.0594121879578
2014,"Alabama",68.4434722233392
2015,"Alabama",68.6187365699667
2016,"Alabama",68.1022145456789
2017,"Alabama",67.8473159735264
2018,"Alabama",67.71242530746
2019,"Alabama",67.7912622101756
2020,"Alabama",65.1374469469066
2011,"Alaska",66.9564062331366
2012,"Alaska",66.159909986889
2013,"Alaska",66.3420991060109
2014,"Alaska",66.0500697675681
2015,"Alaska",65.6111869474779
2016,"Alaska",64.7809525349983
2017,"Alaska",63.8259247494238
2018,"Alaska",64.1888538426281
2019,"Alaska",65.1545701221388
2020,"Alaska",58.4253785664656
2011,"Arizona",79.3068883093804
2012,"Arizona",78.8689132347208
2013,"Arizona",79.0699909939058
2014,"Arizona",78.5477021114512
2015,"Arizona",77.5253164696001
2016,"Arizona",75.7683913496197
2017,"Arizona",77.4324106683466
2018,"Arizona",77.932220859758
2019,"Arizona",78.3419797747323
2020,"Arizona",60.6165635727006
2011,"Arkansas",78.3852437338728
2012,"Arkansas",78.529471902062
2013,"Arkansas",77.8182067620405
2014,"Arkansas",78.3776057530267
2015,"Arkansas",77.5025485158169
2016,"Arkansas",76.62985133764
2017,"Arkansas",76.3033659656776
2018,"Arkansas",76.4411005947591
2019,"Arkansas",76.7881877020509
2020,"Arkansas",70.895023864081
2011,"California",62.9093026641896
2012,"California",62.0714547271225
2013,"California",61.9982103446836
2014,"California",61.4388660524451
2015,"California",60.7815828904863
2016,"California",59.6236353222471
2017,"California",58.7516070214644
2018,"California",59.4658625284068
2019,"California",59.4690761894111
2020,"California",42.3089206709568
2011,"Colorado",84.4506210527056
2012,"Colorado",84.2658872669386
2013,"Colorado",83.7029766529173
2014,"Colorado",84.3651614883569
2015,"Colorado",84.4418127565025
2016,"Colorado",84.1925839425544
2017,"Colorado",84.1668161780468
2018,"Colorado",84.0013210280843
2019,"Colorado",83.887887897622
2020,"Colorado",71.8476244975628
2011,"Connecticut",77.6146567621105
2012,"Connecticut",78.0688329011096
2013,"Connecticut",77.3416053035528
2014,"Connecticut",76.872958010964
2015,"Connecticut",76.5777025502898
2016,"Connecticut",76.7318840012392
2017,"Connecticut",76.0805465940431
2018,"Connecticut",75.3627894023089
2019,"Connecticut",74.8905768315426
2020,"Connecticut",67.9812481786375
2011,"Delaware",70.1213160113985
2012,"Delaware",69.5225778874966
2013,"Delaware",69.0250813125372
2014,"Delaware",68.6351422702097
2015,"Delaware",69.6440766480537
2016,"Delaware",69.1928597312158
2017,"Delaware",68.7283705099804
2018,"Delaware",68.3528559065563
2019,"Delaware",67.6540722392695
2020,"Delaware",62.1827797165574
2011,"District of Columbia",39.9983171412113
2012,"District of Columbia",39.379241305472
2013,"District of Columbia",40.8831941885593
2014,"District of Columbia",39.8812857322813
2015,"District of Columbia",39.804054576721
2016,"District of Columbia",40.8478059808858
2017,"District of Columbia",41.2188099808061
2018,"District of Columbia",42.321429842481
2019,"District of Columbia",42.1209240112278
2020,"District of Columbia",38.5661420167783
2011,"Florida",76.2434368503556
2012,"Florida",76.3071521218406
2013,"Florida",76.1237895632659
2014,"Florida",75.9866803376032
2015,"Florida",75.7937045095148
2016,"Florida",75.4697345617372
2017,"Florida",75.1811297916548
2018,"Florida",74.6366938858391
2019,"Florida",74.5207793539887
2020,"Florida",58.5097909527086
2011,"Georgia",60.7504678962549
2012,"Georgia",60.5457086707638
2013,"Georgia",60.4233195862319
2014,"Georgia",59.8671353444168
2015,"Georgia",59.5179767515169
2016,"Georgia",58.8128981973588
2017,"Georgia",58.693120654643
2018,"Georgia",58.2527930338729
2019,"Georgia",57.7813090803672
2020,"Georgia",52.385063408249
2011,"Hawaii",24.7042864104858
2012,"Hawaii",25.08372758137
2013,"Hawaii",25.4638354365288
2014,"Hawaii",25.4962625769516
2015,"Hawaii",26.1044437598971
2016,"Hawaii",25.1268237809202
2017,"Hawaii",24.8783570034563
2018,"Hawaii",24.3375002023948
2019,"Hawaii",23.8979936039416
2020,"Hawaii",22.0608055809224
2011,"Idaho",92.7606254948785
2012,"Idaho",91.5647278232882
2013,"Idaho",91.5214349161609
2014,"Idaho",91.9178397321691
2015,"Idaho",91.3818107110271
2016,"Idaho",89.5325403709733
2017,"Idaho",90.1382864777689
2018,"Idaho",89.8916776117769
2019,"Idaho",89.2758237669027
2020,"Idaho",81.8508683480067
2011,"Illinois",72.5107405173833
2012,"Illinois",72.6753217703261
2013,"Illinois",72.7588555778992
2014,"Illinois",72.1637224410702
2015,"Illinois",71.9523452380813
2016,"Illinois",71.1951508330366
2017,"Illinois",71.1183615277054
2018,"Illinois",71.7303242739234
2019,"Illinois",71.3722992141382
2020,"Illinois",62.716683083605
2011,"Indiana",84.5968848483993
2012,"Indiana",84.2608317090728
2013,"Indiana",83.9916346340274
2014,"Indiana",84.0901156687543
2015,"Indiana",84.0215539119716
2016,"Indiana",83.506041637237
2017,"Indiana",83.7628085842451
2018,"Indiana",82.7740284565857
2019,"Indiana",82.8086549174945
2020,"Indiana",78.6918319394705
2011,"Iowa",91.6033620382528
2012,"Iowa",91.7745380403138
2013,"Iowa",91.367731722849
2014,"Iowa",91.2605089075886
2015,"Iowa",90.8518489234127
2016,"Iowa",90.2703390730767
2017,"Iowa",89.8724644444452
2018,"Iowa",90.3357101780812
2019,"Iowa",90.0424079338969
2020,"Iowa",85.2805213003334
2011,"Kansas",85.2426026682567
2012,"Kansas",85.4952952366762
2013,"Kansas",85.6482318154693
2014,"Kansas",84.8863696233602
2015,"Kansas",84.7466428725245
2016,"Kansas",84.6240604219257
2017,"Kansas",84.6343254301312
2018,"Kansas",83.8630470099708
2019,"Kansas",83.6552118995755
2020,"Kansas",77.7462548421377
2011,"Kentucky",87.7996208136851
2012,"Kentucky",87.7777105593876
2013,"Kentucky",87.6413756073256
2014,"Kentucky",87.437081634646
2015,"Kentucky",87.3758330900239
2016,"Kentucky",87.137630285866
2017,"Kentucky",86.9167204175665
2018,"Kentucky",86.7774877909373
2019,"Kentucky",86.6372941797665
2020,"Kentucky",84.1058586423535
2011,"Louisiana",62.7550146059881
2012,"Louisiana",62.9920339303847
2013,"Louisiana",62.8254426036705
2014,"Louisiana",62.7862027375671
2015,"Louisiana",62.3841400176932
2016,"Louisiana",61.9067870283784
2017,"Louisiana",61.7805779392712
2018,"Louisiana",61.6751194962723
2019,"Louisiana",61.8304446271442
2020,"Louisiana",58.6696611358278
2011,"Maine",95.0442256668484
2012,"Maine",95.3557499593738
2013,"Maine",94.7828129446466
2014,"Maine",94.4351844124717
2015,"Maine",94.5265577795698
2016,"Maine",94.4893610789205
2017,"Maine",94.4089670912721
2018,"Maine",94.2985824907875
2019,"Maine",94.1050965175136
2020,"Maine",91.6076893075723
2011,"Maryland",58.6086757194092
2012,"Maryland",58.2224542417168
2013,"Maryland",57.7454445357874
2014,"Maryland",57.5984031877347
2015,"Maryland",56.5963544558547
2016,"Maryland",56.4413681363768
2017,"Maryland",54.9100926823522
2018,"Maryland",54.8112289866911
2019,"Maryland",54.5121640576412
2020,"Maryland",50.406016192959
2011,"Massachusetts",80.487954828634
2012,"Massachusetts",80.149572443811
2013,"Massachusetts",79.6014507478457
2014,"Massachusetts",79.1679761995123
2015,"Massachusetts",79.0089282061079
2016,"Massachusetts",78.6560695020541
2017,"Massachusetts",78.5910240488852
2018,"Massachusetts",77.354558266013
2019,"Massachusetts",77.0286062987568
2020,"Massachusetts",71.6735798521154
2011,"Michigan",79.3708644844412
2012,"Michigan",79.2543730067507
2013,"Michigan",79.1061036890859
2014,"Michigan",78.8919479020779
2015,"Michigan",78.6312848598993
2016,"Michigan",78.4516684628788
2017,"Michigan",78.3650901884111
2018,"Michigan",78.2369497939908
2019,"Michigan",78.2734147490046
2020,"Michigan",74.5766223496545
2011,"Minnesota",85.5479497034628
2012,"Minnesota",85.4063075893744
2013,"Minnesota",84.6888963504404
2014,"Minnesota",84.6840296248625
2015,"Minnesota",84.0310048429811
2016,"Minnesota",83.1719732345499
2017,"Minnesota",82.6776716877613
2018,"Minnesota",82.4306264334109
2019,"Minnesota",82.0113971975476
2020,"Minnesota",78.3847383951687
2011,"Mississippi",59.4287013112588
2012,"Mississippi",59.1481664872094
2013,"Mississippi",58.9302244879743
2014,"Mississippi",58.8372584691319
2015,"Mississippi",58.7546907379627
2016,"Mississippi",58.5208212462434
2017,"Mississippi",58.0549244328273
2018,"Mississippi",58.1097126096172
2019,"Mississippi",58.0937647947062
2020,"Mississippi",56.8383728232401
2011,"Missouri",82.9363127814986
2012,"Missouri",82.6501480906305
2013,"Missouri",82.7125341093096
2014,"Missouri",82.3030881545566
2015,"Missouri",82.3154667115518
2016,"Missouri",82.1843426883309
2017,"Missouri",81.9569931097114
2018,"Missouri",82.2430339779043
2019,"Missouri",81.8403246441343
2020,"Missouri",77.8503359752958
2011,"Montana",89.372359619675
2012,"Montana",89.174255154252
2013,"Montana",88.8954997463466
2014,"Montana",89.314259085034
2015,"Montana",89.0960734750699
2016,"Montana",88.9263515328243
2017,"Montana",88.4595137711532
2018,"Montana",88.4405137884129
2019,"Montana",87.8721306014907
2020,"Montana",85.0569709695106
2011,"Nebraska",88.5957166914228
2012,"Nebraska",88.2262432465205
2013,"Nebraska",88.1977462328393
2014,"Nebraska",88.3105155824891
2015,"Nebraska",88.0083219508594
2016,"Nebraska",87.9844749873631
2017,"Nebraska",87.1973296890331
2018,"Nebraska",86.1083063628278
2019,"Nebraska",86.1337939049053
2020,"Nebraska",79.0367018823398
2011,"Nevada",71.5739086307091
2012,"Nevada",69.5998196402882
2013,"Nevada",68.5976239151066
2014,"Nevada",67.8150004631751
2015,"Nevada",67.6541634020503
2016,"Nevada",66.7907571891439
2017,"Nevada",64.4260131372541
2018,"Nevada",63.3149902847094
2019,"Nevada",64.5428673093181
2020,"Nevada",51.1788489497326
2011,"New Hampshire",94.3431695182955
2012,"New Hampshire",93.9373128858696
2013,"New Hampshire",93.5865032464172
2014,"New Hampshire",93.5544797948166
2015,"New Hampshire",93.7351947380446
2016,"New Hampshire",93.196167796393
2017,"New Hampshire",93.025964499421
2018,"New Hampshire",92.4788227748247
2019,"New Hampshire",92.5860715990383
2020,"New Hampshire",89.0794889277908
2011,"New Jersey",69.192118265692
2012,"New Jersey",69.0740350089513
2013,"New Jersey",68.1705012023927
2014,"New Jersey",67.5279797050293
2015,"New Jersey",67.6707993167681
2016,"New Jersey",68.2100972120313
2017,"New Jersey",67.9079697132154
2018,"New Jersey",66.7902749278219
2019,"New Jersey",67.1369673470169
2020,"New Jersey",56.6594961251895
2011,"New Mexico",71.8089408248104
2012,"New Mexico",72.3904335476026
2013,"New Mexico",75.0395509107379
2014,"New Mexico",72.5554428233597
2015,"New Mexico",73.4442180240937
2016,"New Mexico",73.3069199405098
2017,"New Mexico",75.9815523425939
2018,"New Mexico",76.3101380720311
2019,"New Mexico",73.7847006122102
2020,"New Mexico",49.226715311745
2011,"New York",65.2662492961155
2012,"New York",65.3407330643163
2013,"New York",64.6329139290586
2014,"New York",64.0850325482433
2015,"New York",63.8662026690421
2016,"New York",63.4691647207595
2017,"New York",63.1416951213485
2018,"New York",63.2694952755853
2019,"New York",63.3148450301721
2020,"New York",56.3807508288709
2011,"North Carolina",70.0813791805042
2012,"North Carolina",69.9545112100781
2013,"North Carolina",69.1793409057215
2014,"North Carolina",69.0729572230953
2015,"North Carolina",68.9540130334144
2016,"North Carolina",68.889485027183
2017,"North Carolina",68.8176351027832
2018,"North Carolina",68.2214198901732
2019,"North Carolina",68.0971090620556
2020,"North Carolina",63.5081629072215
2011,"North Dakota",89.7684272705474
2012,"North Dakota",89.4994196916075
2013,"North Dakota",88.7860402298612
2014,"North Dakota",88.6755864240103
2015,"North Dakota",88.3324437727234
2016,"North Dakota",86.8431156021548
2017,"North Dakota",86.7176423398152
2018,"North Dakota",85.7870978861352
2019,"North Dakota",85.8809388212508
2020,"North Dakota",82.9212035492975
2011,"Ohio",82.8505292053643
2012,"Ohio",82.6154116019049
2013,"Ohio",82.4774639765866
2014,"Ohio",82.0906347443968
2015,"Ohio",81.9735060024938
2016,"Ohio",81.6098380859647
2017,"Ohio",81.2962078066088
2018,"Ohio",81.0173317083912
2019,"Ohio",80.9119778254956
2020,"Ohio",78.080173630107
2011,"Oklahoma",73.4860113706736
2012,"Oklahoma",73.4492059913705
2013,"Oklahoma",73.2476870944754
2014,"Oklahoma",72.914126193802
2015,"Oklahoma",72.6092196583369
2016,"Oklahoma",72.3812883245603
2017,"Oklahoma",72.1257972801908
2018,"Oklahoma",71.9001318512766
2019,"Oklahoma",72.3315384419042
2020,"Oklahoma",67.0282621888025
2011,"Oregon",84.9077665276551
2012,"Oregon",85.3791385391371
2013,"Oregon",85.7763930113115
2014,"Oregon",84.7369641978732
2015,"Oregon",85.1189272115477
2016,"Oregon",84.3184685834617
2017,"Oregon",84.6641237662862
2018,"Oregon",83.7588973523121
2019,"Oregon",83.3050519745541
2020,"Oregon",76.2127038566215
2011,"Pennsylvania",82.32914427705
2012,"Pennsylvania",82.0778897007851
2013,"Pennsylvania",81.5861700053101
2014,"Pennsylvania",81.4281208667192
2015,"Pennsylvania",81.1455228715822
2016,"Pennsylvania",80.8559093952259
2017,"Pennsylvania",80.696077017309
2018,"Pennsylvania",80.0941277701518
2019,"Pennsylvania",79.6497091194189
2020,"Pennsylvania",75.7669453618819
2011,"Rhode Island",81.7513901809375
2012,"Rhode Island",81.4713432074128
2013,"Rhode Island",80.1473308410468
2014,"Rhode Island",81.2477195682604
2015,"Rhode Island",80.6535655657778
2016,"Rhode Island",81.0303797899711
2017,"Rhode Island",81.5451299923842
2018,"Rhode Island",80.9142970637889
2019,"Rhode Island",78.4683408205512
2020,"Rhode Island",72.1897216266042
2011,"South Carolina",66.9755280249101
2012,"South Carolina",66.8511256904776
2013,"South Carolina",67.2814099072241
2014,"South Carolina",67.3159672400228
2015,"South Carolina",67.1484265379341
2016,"South Carolina",67.3243072782572
2017,"South Carolina",67.2793936910287
2018,"South Carolina",67.0729901121667
2019,"South Carolina",66.6559261205808
2020,"South Carolina",64.1780361194245
2011,"South Dakota",85.8423069548904
2012,"South Dakota",85.3568831492979
2013,"South Dakota",85.0290634021284
2014,"South Dakota",84.8294898467489
2015,"South Dakota",84.3223226464788
2016,"South Dakota",84.8775324858398
2017,"South Dakota",84.99044460747
2018,"South Dakota",83.8851326460637
2019,"South Dakota",84.3623362222054
2020,"South Dakota",79.7505304627714
2011,"Tennessee",77.8171217485589
2012,"Tennessee",78.1342337951034
2013,"Tennessee",77.9848084460877
2014,"Tennessee",77.6570262218308
2015,"Tennessee",77.729524071561
2016,"Tennessee",77.9597317413986
2017,"Tennessee",77.7403281484887
2018,"Tennessee",77.359029011774
2019,"Tennessee",77.1788066902381
2020,"Tennessee",73.6398999444667
2011,"Texas",74.5819354094409
2012,"Texas",75.0572379362485
2013,"Texas",75.0442950866246
2014,"Texas",75.200402805094
2015,"Texas",74.9801395123265
2016,"Texas",74.3514997669277
2017,"Texas",74.0012364069779
2018,"Texas",73.4550061154605
2019,"Texas",73.3357403418782
2020,"Texas",51.3464093247457
2011,"Utah",88.3285733250699
2012,"Utah",87.8885029771088
2013,"Utah",87.1692718603234
2014,"Utah",87.332197946109
2015,"Utah",87.0687425127315
2016,"Utah",86.5122998462581
2017,"Utah",85.7437521620281
2018,"Utah",85.8509287100555
2019,"Utah",87.4596298516699
2020,"Utah",80.2886618020367
2011,"Vermont",95.1056062040352
2012,"Vermont",95.1240473410212
2013,"Vermont",94.9767805563092
2014,"Vermont",94.1937110772757
2015,"Vermont",94.5562757770246
2016,"Vermont",94.1863034227034
2017,"Vermont",94.214448005875
2018,"Vermont",94.1572635434513
2019,"Vermont",93.6718435741656
2020,"Vermont",90.6888797055347
2011,"Virginia",69.3751726032297
2012,"Virginia",69.1557412305868
2013,"Virginia",69.2823899070324
2014,"Virginia",68.93529638474
2015,"Virginia",68.2434662655689
2016,"Virginia",67.9560446458122
2017,"Virginia",67.3830876432405
2018,"Virginia",67.4464834048219
2019,"Virginia",66.9753063639129
2020,"Virginia",61.5938376694254
2011,"Washington",78.5254489067264
2012,"Washington",78.5321237660599
2013,"Washington",77.9088895410768
2014,"Washington",77.5375874633401
2015,"Washington",76.9131106691988
2016,"Washington",75.6758644346872
2017,"Washington",75.3415153617942
2018,"Washington",74.6789203394929
2019,"Washington",74.3165399697671
2020,"Washington",67.8989366919423
2011,"West Virginia",93.9402187387488
2012,"West Virginia",93.7147147292813
2013,"West Virginia",93.7956235870709
2014,"West Virginia",93.5502176373245
2015,"West Virginia",93.4793029551094
2016,"West Virginia",93.0631936396771
2017,"West Virginia",92.7049872319241
2018,"West Virginia",92.9547156103115
2019,"West Virginia",93.0899083613119
2020,"West Virginia",90.6872255749871
2011,"Wisconsin",87.4874097630383
2012,"Wisconsin",86.678554302373
2013,"Wisconsin",86.4904270855953
2014,"Wisconsin",86.2942730640945
2015,"Wisconsin",86.2330686979464
2016,"Wisconsin",85.5398498176669
2017,"Wisconsin",85.2256145001202
2018,"Wisconsin",85.2782662901681
2019,"Wisconsin",85.3272016479706
2020,"Wisconsin",81.0094265581809
2011,"Wyoming",90.415694225902
2012,"Wyoming",91.0832876484181
2013,"Wyoming",90.8318430365669
2014,"Wyoming",91.441112174379
2015,"Wyoming",91.4945564547088
2016,"Wyoming",91.9475799358157
2017,"Wyoming",91.3282065888161
2018,"Wyoming",91.4088936661491
2019,"Wyoming",90.839883267474
2020,"Wyoming",85.2747459377019
2000,"Alabama",71.8459019983676
2001,"Alabama",71.329255258126
2002,"Alabama",71.0448052855908
2003,"Alabama",71.1073856570119
2004,"Alabama",71.0659660455325
2005,"Alabama",70.5159198080068
2000,"Alaska",69.798109521771
2001,"Alaska",69.3711608351164
2002,"Alaska",69.2515202193986
2003,"Alaska",69.5526743639574
2004,"Alaska",68.9667480655321
2005,"Alaska",69.0260819875927
2000,"Arizona",78.7531921401337
2001,"Arizona",75.7680058586757
2002,"Arizona",74.9126693593809
2003,"Arizona",76.5669662397018
2004,"Arizona",77.1744013535887
2005,"Arizona",76.3857701317852
2000,"Arkansas",80.5723705492998
2001,"Arkansas",80.7795904215835
2002,"Arkansas",79.9627633349591
2003,"Arkansas",79.3816206493145
2004,"Arkansas",79.6177219668022
2005,"Arkansas",78.7477478647624
2000,"California",67.4669495326132
2001,"California",66.2918428161389
2002,"California",63.3257008932216
2003,"California",66.1785277430256
2004,"California",63.0169457924331
2005,"California",60.8478879483707
2000,"Colorado",84.9669081996521
2001,"Colorado",85.1847765928945
2002,"Colorado",82.8971770975
2003,"Colorado",83.763994269645
2004,"Colorado",83.4840576346788
2005,"Colorado",83.225334583965
2000,"Connecticut",85.2338926588001
2001,"Connecticut",83.1746470067055
2002,"Connecticut",81.9156236148815
2003,"Connecticut",81.4812408842916
2004,"Connecticut",80.0878482057588
2005,"Connecticut",81.4112559154404
2000,"Delaware",75.9312915548623
2001,"Delaware",75.8184504523186
2002,"Delaware",75.2026601177928
2003,"Delaware",75.4673221500731
2004,"Delaware",74.5101009285827
2005,"Delaware",73.7058471556375
2000,"District of Columbia",31.0630401539492
2001,"District of Columbia",29.2897102151941
2002,"District of Columbia",29.279990739911
2003,"District of Columbia",30.4913958911338
2004,"District of Columbia",33.137737080031
2005,"District of Columbia",31.8753293535625
2000,"Florida",79.1405523989221
2001,"Florida",78.4882174683383
2002,"Florida",77.5541337868982
2003,"Florida",76.956341614946
2004,"Florida",77.5565562829552
2005,"Florida",76.7050746752426
2000,"Georgia",66.6488964748618
2001,"Georgia",66.1188380154378
2002,"Georgia",65.2433189552186
2003,"Georgia",66.1405001475344
2004,"Georgia",63.6433055367366
2005,"Georgia",62.5609080162984
2000,"Hawaii",24.1861078490044
2001,"Hawaii",24.6664395115323
2002,"Hawaii",24.5031802915426
2003,"Hawaii",24.2785532190018
2004,"Hawaii",25.2158095138744
2005,"Hawaii",24.5640144676956
2000,"Idaho",93.6003276441068
2001,"Idaho",92.111699801162
2002,"Idaho",91.6080163874282
2003,"Idaho",92.3546597757967
2004,"Idaho",92.252630588346
2005,"Idaho",91.1581301245874
2000,"Illinois",75.6829818586398
2001,"Illinois",74.6256818749144
2002,"Illinois",74.7040383521573
2003,"Illinois",74.5278964130607
2004,"Illinois",74.8155048677479
2005,"Illinois",72.2294022824876
2000,"Indiana",87.3266372515812
2001,"Indiana",87.8565178586021
2002,"Indiana",87.4558162195325
2003,"Indiana",87.2102705647117
2004,"Indiana",86.819142804133
2005,"Indiana",86.4267353284181
2000,"Iowa",93.9813547712811
2001,"Iowa",93.836764940109
2002,"Iowa",93.3123503997267
2003,"Iowa",93.7419384987609
2004,"Iowa",93.8551763242919
2005,"Iowa",94.0942664765159
2000,"Kansas",89.8260122587746
2001,"Kansas",86.49436814007
2002,"Kansas",85.9044873396145
2003,"Kansas",86.4723230498606
2004,"Kansas",87.0627491563826
2005,"Kansas",85.2362382425884
2000,"Kentucky",90.8472880556042
2001,"Kentucky",89.994998359786
2002,"Kentucky",89.9425429658307
2003,"Kentucky",89.9292437040286
2004,"Kentucky",90.2645260614011
2005,"Kentucky",89.9268625934202
2000,"Louisiana",65.0741815593608
2001,"Louisiana",63.9351885755287
2002,"Louisiana",63.7325935396049
2003,"Louisiana",64.0798356217614
2004,"Louisiana",63.9258910792604
2005,"Louisiana",63.4140693078312
2000,"Maine",96.7091965330084
2001,"Maine",96.9317233142533
2002,"Maine",96.8695094347412
2003,"Maine",96.9723800214387
2004,"Maine",96.3222741402569
2005,"Maine",96.5409825072477
2000,"Maryland",64.1478499090886
2001,"Maryland",63.5466024744447
2002,"Maryland",64.6973203712126
2003,"Maryland",64.2414339073768
2004,"Maryland",63.2450990368407
2005,"Maryland",61.2468714706916
2000,"Massachusetts",85.7648600113056
2001,"Massachusetts",85.601436504873
2002,"Massachusetts",84.4988444996817
2003,"Massachusetts",84.3747391962735
2004,"Massachusetts",84.0148492424749
2005,"Massachusetts",83.4780639850965
2000,"Michigan",80.7776409281172
2001,"Michigan",80.4881188920843
2002,"Michigan",80.2166905272303
2003,"Michigan",80.2817672585753
2004,"Michigan",79.9851058555369
2005,"Michigan",79.8085453306155
2000,"Minnesota",89.7034758376038
2001,"Minnesota",89.4462517009152
2002,"Minnesota",88.5561998098029
2003,"Minnesota",88.64786128258
2004,"Minnesota",88.0944948200634
2005,"Minnesota",87.923392160272
2000,"Mississippi",60.9813396559848
2001,"Mississippi",61.3950115904398
2002,"Mississippi",60.8603176639583
2003,"Mississippi",60.9625541655859
2004,"Mississippi",61.1111111111111
2005,"Mississippi",60.6399899943047
2000,"Missouri",85.867682169005
2001,"Missouri",84.907308148201
2002,"Missouri",84.7993770693459
2003,"Missouri",84.9408185509122
2004,"Missouri",84.8165305572427
2005,"Missouri",84.651004162729
2000,"Montana",88.8157004696362
2001,"Montana",90.4142418544005
2002,"Montana",90.2599545994784
2003,"Montana",90.2623587059975
2004,"Montana",90.1895562994057
2005,"Montana",90.8604840605906
2000,"Nebraska",90.0811712510454
2001,"Nebraska",90.1470301118871
2002,"Nebraska",89.5822582509716
2003,"Nebraska",88.5650839606597
2004,"Nebraska",88.4222083196046
2005,"Nebraska",88.865837642256
2000,"Nevada",79.3986428011862
2001,"Nevada",79.1782535245521
2002,"Nevada",77.8316978176404
2003,"Nevada",77.1999489031851
2004,"Nevada",77.5896196631579
2005,"Nevada",75.9624615480445
2000,"New Hampshire",96.4444633251202
2001,"New Hampshire",96.1391296104397
2002,"New Hampshire",95.830632721966
2003,"New Hampshire",95.4865561070398
2004,"New Hampshire",95.6860305712497
2005,"New Hampshire",94.9334733866029
2000,"New Jersey",75.2969169188296
2001,"New Jersey",74.1165766884502
2002,"New Jersey",72.2833466164691
2003,"New Jersey",72.2750126834481
2004,"New Jersey",70.602074913557
2005,"New Jersey",69.9436049918896
2000,"New Mexico",69.2898363637904
2001,"New Mexico",66.5136533199865
2002,"New Mexico",69.8639146439999
2003,"New Mexico",70.2083958078106
2004,"New Mexico",70.6894043246599
2005,"New Mexico",68.9773472285454
2000,"New York",70.0215954953782
2001,"New York",69.3541264159214
2002,"New York",68.5746951260646
2003,"New York",68.6612812417195
2004,"New York",67.7129707233593
2005,"New York",67.1820132017353
2000,"North Carolina",72.9116391645941
2001,"North Carolina",72.4766683265363
2002,"North Carolina",71.8915498927687
2003,"North Carolina",71.9014576552309
2004,"North Carolina",72.6032245598201
2005,"North Carolina",71.3227714212736
2000,"North Dakota",91.1611404324252
2001,"North Dakota",92.1855685968896
2002,"North Dakota",91.8847348196216
2003,"North Dakota",92.1682238081794
2004,"North Dakota",91.7125232289799
2005,"North Dakota",90.5685896599862
2000,"Ohio",86.2326778400579
2001,"Ohio",85.3635035195629
2002,"Ohio",84.9796389941624
2003,"Ohio",84.9020928891356
2004,"Ohio",84.5520835505754
2005,"Ohio",84.2485454488361
2000,"Oklahoma",74.884665200325
2001,"Oklahoma",75.9455261286988
2002,"Oklahoma",76.5363077246291
2003,"Oklahoma",76.1089721661072
2004,"Oklahoma",75.3333770978389
2005,"Oklahoma",75.7418860900986
2000,"Oregon",90.3705807531421
2001,"Oregon",88.0307468029649
2002,"Oregon",86.8452196738264
2003,"Oregon",87.8674107713627
2004,"Oregon",87.6247902337632
2005,"Oregon",86.7804461878132
2000,"Pennsylvania",86.6134542966509
2001,"Pennsylvania",85.7169147414445
2002,"Pennsylvania",85.3658905083242
2003,"Pennsylvania",85.1340020238672
2004,"Pennsylvania",84.8140063028664
2005,"Pennsylvania",84.6543377938418
2000,"Rhode Island",84.6913775152328
2001,"Rhode Island",85.6697663566977
2002,"Rhode Island",84.7372138282164
2003,"Rhode Island",85.1592177370526
2004,"Rhode Island",83.8056242900207
2005,"Rhode Island",83.3059449289837
2000,"South Carolina",68.4794343464166
2001,"South Carolina",67.1653790674194
2002,"South Carolina",67.093347539804
2003,"South Carolina",66.8884757167986
2004,"South Carolina",67.9643128617447
2005,"South Carolina",67.2825036445542
2000,"South Dakota",95.1232439184875
2001,"South Dakota",93.0845861356543
2002,"South Dakota",94.311324479516
2003,"South Dakota",94.54367925978
2004,"South Dakota",94.0083346819874
2005,"South Dakota",88.3117571032057
2000,"Tennessee",81.3949081621473
2001,"Tennessee",80.5768329504683
2002,"Tennessee",80.1134575522504
2003,"Tennessee",79.8392538191571
2004,"Tennessee",80.0143022133955
2005,"Tennessee",79.5939349685946
2000,"Texas",75.7171705644
2001,"Texas",72.0890267615295
2002,"Texas",73.1020820395185
2003,"Texas",73.0459431846692
2004,"Texas",74.1154493903519
2005,"Texas",71.8497428691723
2000,"Utah",92.3025381400564
2001,"Utah",90.8581861081642
2002,"Utah",90.1944363034474
2003,"Utah",90.2552223263789
2004,"Utah",90.8310037319023
2005,"Utah",89.8436840501943
2000,"Vermont",97.3388401888065
2001,"Vermont",96.9514840770461
2002,"Vermont",96.5303628911796
2003,"Vermont",96.5259579645426
2004,"Vermont",96.639872667457
2005,"Vermont",96.8110557065017
2000,"Virginia",73.397442343891
2001,"Virginia",73.0214192493881
2002,"Virginia",72.6627899157284
2003,"Virginia",72.6832771268328
2004,"Virginia",72.6768542657524
2005,"Virginia",71.9172423741075
2000,"Washington",81.1572679749741
2001,"Washington",81.4671920230761
2002,"Washington",80.8156383823645
2003,"Washington",81.3898418972728
2004,"Washington",80.9851062165178
2005,"Washington",81.0186485857092
2000,"West Virginia",95.1240190848124
2001,"West Virginia",95.471350456806
2002,"West Virginia",95.0995037163081
2003,"West Virginia",95.2129465144435
2004,"West Virginia",95.0526136368767
2005,"West Virginia",94.9179966292835
2000,"Wisconsin",89.094653188839
2001,"Wisconsin",89.0239019642706
2002,"Wisconsin",88.5615926590755
2003,"Wisconsin",88.2155318124237
2004,"Wisconsin",88.1061527834697
2005,"Wisconsin",88.2579872411482
2000,"Wyoming",91.1579005218891
2001,"Wyoming",92.6850595005121
2002,"Wyoming",92.1643122477224
2003,"Wyoming",92.632263651119
2004,"Wyoming",92.5020404682722
2005,"Wyoming",91.7083189995346
2006,"Alabama",70.3745572435927
2007,"Alabama",70.3021769715576
2008,"Alabama",70.0895557605268
2009,"Alabama",70.0117951675916
2010,"Alabama",69.3506235139379
2006,"Alaska",69.3534690539405
2007,"Alaska",68.9757387948112
2008,"Alaska",68.9687932122286
2009,"Alaska",68.5071577569928
2010,"Alaska",67.6921784071094
2006,"Arizona",77.0331014391408
2007,"Arizona",76.3066722092903
2008,"Arizona",79.9898464350218
2009,"Arizona",79.9761908299521
2010,"Arizona",79.5113675537366
2006,"Arkansas",78.4885615566984
2007,"Arkansas",78.7878990982423
2008,"Arkansas",78.5594262079786
2009,"Arkansas",78.420806727924
2010,"Arkansas",78.3385234011705
2006,"California",59.8579158461804
2007,"California",60.2047726855216
2008,"California",62.4877675249436
2009,"California",62.769157254392
2010,"California",62.471705340731
2006,"Colorado",82.7545132649904
2007,"Colorado",83.8014487253459
2008,"Colorado",84.9412566889957
2009,"Colorado",84.451697876192
2010,"Colorado",83.3618699360734
2006,"Connecticut",80.0691564076673
2007,"Connecticut",79.5045211601832
2008,"Connecticut",80.2964482419432
2009,"Connecticut",79.0945482575616
2010,"Connecticut",78.2405614870035
2006,"Delaware",71.1730616912485
2007,"Delaware",72.4565314929854
2008,"Delaware",72.2973065839568
2009,"Delaware",72.1622555986632
2010,"Delaware",70.2693691380788
2006,"District of Columbia",34.7502278472306
2007,"District of Columbia",35.132723205483
2008,"District of Columbia",37.6991482394527
2009,"District of Columbia",38.5025106018941
2010,"District of Columbia",40.5038936029766
2006,"Florida",76.1755752066804
2007,"Florida",76.2905573061517
2008,"Florida",77.534042908414
2009,"Florida",76.9018224164686
2010,"Florida",76.4694194644831
2006,"Georgia",62.1672434715255
2007,"Georgia",62.1085937295372
2008,"Georgia",62.0997209920064
2009,"Georgia",61.813252355657
2010,"Georgia",60.70597874696
2006,"Hawaii",26.2305347810732
2007,"Hawaii",27.3903137632579
2008,"Hawaii",26.8496768353933
2009,"Hawaii",26.8133800913851
2010,"Hawaii",24.8401131986087
2006,"Idaho",92.4045919950357
2007,"Idaho",92.0704387482476
2008,"Idaho",92.7846931650541
2009,"Idaho",92.4675944704396
2010,"Idaho",92.3538133570906
2006,"Illinois",70.8503059156155
2007,"Illinois",70.5099253470985
2008,"Illinois",72.7221288829788
2009,"Illinois",72.5025675019281
2010,"Illinois",72.5787551138092
2006,"Indiana",86.1620142171087
2007,"Indiana",85.7156860782858
2008,"Indiana",85.8383964852546
2009,"Indiana",85.7290849468163
2010,"Indiana",85.078515599663
2006,"Iowa",92.5757984765692
2007,"Iowa",92.3585539317153
2008,"Iowa",92.5745955863619
2009,"Iowa",92.2238656957428
2010,"Iowa",91.446098096222
2006,"Kansas",85.7876143013485
2007,"Kansas",85.5585578802859
2008,"Kansas",86.4266305608511
2009,"Kansas",86.56175953358
2010,"Kansas",85.3472110253014
2006,"Kentucky",89.4699427542169
2007,"Kentucky",89.284244109477
2008,"Kentucky",89.0373356413136
2009,"Kentucky",88.6918121987069
2010,"Kentucky",88.246278529662
2006,"Louisiana",64.4496623884501
2007,"Louisiana",63.8935629427346
2008,"Louisiana",64.0733781385491
2009,"Louisiana",63.6556238140227
2010,"Louisiana",62.8817920227594
2006,"Maine",95.4169800556004
2007,"Maine",95.3046863552957
2008,"Maine",95.9249682480843
2009,"Maine",94.841162981747
2010,"Maine",95.3053216899787
2006,"Maryland",61.4443686454131
2007,"Maryland",60.6645481301964
2008,"Maryland",61.0746739605265
2009,"Maryland",60.3188748162551
2010,"Maryland",58.8768682654042
2006,"Massachusetts",82.8251226893461
2007,"Massachusetts",82.7030794192958
2008,"Massachusetts",82.560560864652
2009,"Massachusetts",82.6287118073971
2010,"Massachusetts",80.99890594447
2006,"Michigan",79.6234177456552
2007,"Michigan",79.4849829554176
2008,"Michigan",79.7409426494254
2009,"Michigan",79.886630797413
2010,"Michigan",79.3009801799511
2006,"Minnesota",87.8747096292486
2007,"Minnesota",87.8745102807611
2008,"Minnesota",87.9088413458527
2009,"Minnesota",87.2628063989032
2010,"Minnesota",86.2527548759233
2006,"Mississippi",60.0310251705869
2007,"Mississippi",59.7826150264579
2008,"Mississippi",59.6161188694822
2009,"Mississippi",59.5918490404459
2010,"Mississippi",59.4283032259542
2006,"Missouri",83.9609612863065
2007,"Missouri",84.1019900772572
2008,"Missouri",84.2936901230715
2009,"Missouri",83.8606749304393
2010,"Missouri",83.1376076071786
2006,"Montana",89.4509184529002
2007,"Montana",90.0134779472178
2008,"Montana",89.4675638799305
2009,"Montana",89.1223388161302
2010,"Montana",89.9760621173925
2006,"Nebraska",87.9916146920458
2007,"Nebraska",89.2612355324188
2008,"Nebraska",88.6669074010111
2009,"Nebraska",87.8510894333922
2010,"Nebraska",89.0825593344511
2006,"Nevada",73.2833399251221
2007,"Nevada",73.716156112423
2008,"Nevada",77.2116560205556
2009,"Nevada",76.2477559367179
2010,"Nevada",72.6939461858538
2006,"New Hampshire",94.8605021693747
2007,"New Hampshire",94.5577233498603
2008,"New Hampshire",94.9304952314508
2009,"New Hampshire",94.4501443859351
2010,"New Hampshire",94.0411267361757
2006,"New Jersey",69.6142613495695
2007,"New Jersey",69.5021713301527
2008,"New Jersey",71.0134254924844
2009,"New Jersey",70.6672454620832
2010,"New Jersey",69.3367042264019
2006,"New Mexico",67.9467757836774
2007,"New Mexico",69.0293236002569
2008,"New Mexico",73.3779120278821
2009,"New Mexico",72.3615457455474
2010,"New Mexico",73.4757000714447
2006,"New York",66.3325837116534
2007,"New York",66.0644731823107
2008,"New York",67.3282762186743
2009,"New York",67.4008222418261
2010,"New York",65.9279776393527
2006,"North Carolina",70.1701517698008
2007,"North Carolina",69.9471649586934
2008,"North Carolina",70.2572883845813
2009,"North Carolina",70.4846579490803
2010,"North Carolina",69.7259798037098
2006,"North Dakota",90.1751466894807
2007,"North Dakota",90.4272996568785
2008,"North Dakota",90.9906918521359
2009,"North Dakota",89.8706643332859
2010,"North Dakota",89.9903483919175
2006,"Ohio",84.0420975559692
2007,"Ohio",83.9694052028108
2008,"Ohio",84.0000400490688
2009,"Ohio",83.9260152244135
2010,"Ohio",82.9274624828214
2006,"Oklahoma",75.1006646155634
2007,"Oklahoma",75.2491349940121
2008,"Oklahoma",75.6679252825297
2009,"Oklahoma",75.4501566292836
2010,"Oklahoma",73.3735154991012
2006,"Oregon",86.1042251344184
2007,"Oregon",85.8481022453905
2008,"Oregon",86.8220028178973
2009,"Oregon",85.4594387317002
2010,"Oregon",85.3127034243937
2006,"Pennsylvania",83.8184685475106
2007,"Pennsylvania",83.7017783294372
2008,"Pennsylvania",83.7758456409918
2009,"Pennsylvania",83.5138325047976
2010,"Pennsylvania",82.556541771869
2006,"Rhode Island",82.9117374322084
2007,"Rhode Island",82.8146624416732
2008,"Rhode Island",83.3788547261674
2009,"Rhode Island",82.0806696486642
2010,"Rhode Island",81.1708959944381
2006,"South Carolina",67.3102614545008
2007,"South Carolina",67.335048661334
2008,"South Carolina",67.3032724675209
2009,"South Carolina",67.4760514789612
2010,"South Carolina",67.1064630680593
2006,"South Dakota",86.2819550362633
2007,"South Dakota",87.5636605690674
2008,"South Dakota",87.1376807088837
2009,"South Dakota",86.283932578599
2010,"South Dakota",86.009163918022
2006,"Tennessee",79.2159472663705
2007,"Tennessee",79.108905246447
2008,"Tennessee",79.50627589749
2009,"Tennessee",79.1679465282055
2010,"Tennessee",78.4280915673166
2006,"Texas",69.8222456792289
2007,"Texas",70.3110099488044
2008,"Texas",73.985362914434
2009,"Texas",73.7899570427315
2010,"Texas",74.1300094698072
2006,"Utah",88.879608072428
2007,"Utah",89.8232734668264
2008,"Utah",90.8904468021038
2009,"Utah",89.3329746905449
2010,"Utah",88.7779045975302
2006,"Vermont",96.2821441622803
2007,"Vermont",96.0644116577117
2008,"Vermont",95.564730310493
2009,"Vermont",95.6796834791559
2010,"Vermont",95.4183973416832
2006,"Virginia",70.7080730258369
2007,"Virginia",70.4911288002177
2008,"Virginia",70.6997178176231
2009,"Virginia",70.3827675928851
2010,"Virginia",69.5538989586668
2006,"Washington",80.1221364402065
2007,"Washington",80.4575735913416
2008,"Washington",80.2310624892354
2009,"Washington",80.2171305011333
2010,"Washington",78.7415545950357
2006,"West Virginia",94.4860789564854
2007,"West Virginia",94.5869698984843
2008,"West Virginia",94.3363013290948
2009,"West Virginia",94.1545584981017
2010,"West Virginia",93.8878829411216
2006,"Wisconsin",87.247867634805
2007,"Wisconsin",87.351739847616
2008,"Wisconsin",88.3479614667319
2009,"Wisconsin",88.4727311825371
2010,"Wisconsin",87.0621697554071
2006,"Wyoming",91.0781275485239
2007,"Wyoming",92.0941797525008
2008,"Wyoming",91.9315596206267
2009,"Wyoming",91.3972844360336
2010,"Wyoming",91.0007795060766
