"State","Year","methadone_rate"
"Alabama",2020,0.548609660569107
"Alabama",2019,0.673031917009046
"Alabama",2018,0.716058177476451
"Alabama",2017,0.67695820931835
"Alabama",2016,0.71967594020521
"Alabama",2015,0.884959576898768
"Alabama",2014,0.948575456187465
"Alabama",2013,0.910271629191749
"Alabama",2012,1.18207648532576
"Alabama",2011,1.33257265644195
"Alabama",2010,1.65281095022821
"Alabama",2009,1.8705582124021
"Alabama",2008,2.24661661656994
"Alabama",2007,1.92602357452855
"Alabama",2006,1.49060884026096
"Alabama",2005,1.07225581835549
"Alabama",2004,1.12564666745683
"Alabama",2003,0.621739890231822
"Alabama",2002,0.803555465081162
"Alabama",2001,0.693879579213517
"Alabama",2000,0.292325335611972
"Alaska",2020,1.91375786862052
"Alaska",2019,1.91375786862052
"Alaska",2018,1.76286006416811
"Alaska",2017,2.02714626647872
"Alaska",2016,2.29143246878934
"Alaska",2015,1.35422083550009
"Alaska",2014,1.62881482004311
"Alaska",2013,1.49798206799497
"Alaska",2012,1.36714931594684
"Alaska",2011,2.49059799257802
"Alaska",2010,3.94237931039338
"Alaska",2009,3.00474320176851
"Alaska",2008,4.36392200216741
"Alaska",2007,2.99641142474601
"Alaska",2006,1.6289008473246
"Alaska",2005,1.6289008473246
"Alaska",2004,1.6289008473246
"Alaska",2003,1.6289008473246
"Alaska",2002,1.6289008473246
"Alaska",2001,1.6289008473246
"Alaska",2000,1.6289008473246
"Arizona",2020,1.15881084986514
"Arizona",2019,1.05787874428969
"Arizona",2018,0.934234623404446
"Arizona",2017,1.1972173248749
"Arizona",2016,1.15422277451782
"Arizona",2015,1.12769869648283
"Arizona",2014,0.980467308545931
"Arizona",2013,0.995982267893878
"Arizona",2012,0.808758395636977
"Arizona",2011,0.910141989863486
"Arizona",2010,1.70525203546862
"Arizona",2009,1.71838804481178
"Arizona",2008,1.48080636116198
"Arizona",2007,1.42679233896824
"Arizona",2006,1.55909440499069
"Arizona",2005,1.55846549035062
"Arizona",2004,1.23841112560249
"Arizona",2003,1.28848112393301
"Arizona",2002,1.13041359238954
"Arizona",2001,0.549921806807918
"Arizona",2000,0.350833971331407
"Arkansas",2020,0.527961849476757
"Arkansas",2019,0.563323529294812
"Arkansas",2018,0.564067256725258
"Arkansas",2017,0.665717132130538
"Arkansas",2016,1.07086158846254
"Arkansas",2015,1.2759367726321
"Arkansas",2014,1.01133742969941
"Arkansas",2013,1.48680142719421
"Arkansas",2012,1.45805662752858
"Arkansas",2011,2.04222017924566
"Arkansas",2010,1.92049296310802
"Arkansas",2009,2.51998468677799
"Arkansas",2008,3.37443652128295
"Arkansas",2007,2.38709564179524
"Arkansas",2006,2.58703696025283
"Arkansas",2005,1.90572281369546
"Arkansas",2004,1.96386060081042
"Arkansas",2003,1.43128930540631
"Arkansas",2002,1.2934569188304
"Arkansas",2001,1.2934569188304
"Arkansas",2000,1.2934569188304
"California",2020,0.713776273253675
"California",2019,0.56691318025817
"California",2018,0.631998674319581
"California",2017,0.70061570462224
"California",2016,0.764330879143314
"California",2015,0.776603431902532
"California",2014,0.92519811867792
"California",2013,0.965237845953309
"California",2012,0.988396072387394
"California",2011,1.14082830289957
"California",2010,1.30187516192911
"California",2009,1.21208090780748
"California",2008,0.975294266359749
"California",2007,0.90206122645403
"California",2006,0.793976836197748
"California",2005,0.63916591583279
"California",2004,0.638096150464309
"California",2003,0.456696660858109
"California",2002,0.361323030732847
"California",2001,0.118911381959658
"California",2000,0.165330012876846
"Colorado",2020,1.2052924736889
"Colorado",2019,0.694596869868666
"Colorado",2018,1.01833637546694
"Colorado",2017,1.07006156777574
"Colorado",2016,1.08292595764496
"Colorado",2015,0.659754637250407
"Colorado",2014,0.97089807698699
"Colorado",2013,0.816192190103689
"Colorado",2012,0.867456167439859
"Colorado",2011,1.1921522765418
"Colorado",2010,1.01407859228394
"Colorado",2009,1.20671051718607
"Colorado",2008,1.02255134741591
"Colorado",2007,1.24899351938896
"Colorado",2006,1.33462615532549
"Colorado",2005,1.18742076665066
"Colorado",2004,0.874314455499908
"Colorado",2003,0.706599551485935
"Colorado",2002,0.601281933081329
"Colorado",2001,0.474502602646776
"Colorado",2000,0.395232932853877
"Connecticut",2020,3.20494258373475
"Connecticut",2019,2.49629272482131
"Connecticut",2018,2.35118601940008
"Connecticut",2017,2.64757883096296
"Connecticut",2016,2.0970503728276
"Connecticut",2015,2.03292446488137
"Connecticut",2014,1.4457789787629
"Connecticut",2013,1.36259482547663
"Connecticut",2012,0.696311526434632
"Connecticut",2011,0.893677760465874
"Connecticut",2010,1.20310109098886
"Connecticut",2009,1.17917674932976
"Connecticut",2008,1.35379863204289
"Connecticut",2007,1.61598063091286
"Connecticut",2006,1.762635538144
"Connecticut",2005,1.08356078604921
"Connecticut",2004,1.25854739603683
"Connecticut",2003,0.545297583241111
"Connecticut",2002,0.693892502751717
"Connecticut",2001,0.466087067977342
"Connecticut",2000,0.469819251724751
"Delaware",2020,3.54678564950259
"Delaware",2019,2.87544004502118
"Delaware",2018,2.68825264611946
"Delaware",2017,1.55935043698197
"Delaware",2016,1.26041814371918
"Delaware",2015,1.48001869052175
"Delaware",2014,2.67204210283301
"Delaware",2013,2.37645409284806
"Delaware",2012,1.19944345823538
"Delaware",2011,2.53545503150027
"Delaware",2010,2.78416899237583
"Delaware",2009,2.80353918787077
"Delaware",2008,2.14962766186131
"Delaware",2007,2.52366220093169
"Delaware",2006,1.86205002397389
"Delaware",2005,1.18322191326983
"Delaware",2004,1.50847800968973
"Delaware",2003,1.83373410610964
"Delaware",2002,1.83373410610964
"Delaware",2001,1.83373410610964
"Delaware",2000,1.83373410610964
"District of Columbia",2020,4.48923705416265
"District of Columbia",2019,2.26709495868928
"District of Columbia",2018,1.42357873458086
"District of Columbia",2017,3.45835278656776
"District of Columbia",2016,3.22973707004125
"District of Columbia",2015,2.3737170885794
"District of Columbia",2014,1.51769710711754
"District of Columbia",2013,1.71298923338254
"District of Columbia",2012,1.90828135964753
"District of Columbia",2011,2.10357348591253
"District of Columbia",2010,1.66189426031579
"District of Columbia",2009,1.8159157371254
"District of Columbia",2008,1.969937213935
"District of Columbia",2007,2.1239586907446
"District of Columbia",2006,2.2779801675542
"District of Columbia",2005,1.76324550019748
"District of Columbia",2004,1.76112713178957
"District of Columbia",2003,1.75900876338166
"District of Columbia",2002,1.75900876338166
"District of Columbia",2001,1.75900876338166
"District of Columbia",2000,1.75900876338166
"Florida",2020,0.869632755467735
"Florida",2019,0.679773665167797
"Florida",2018,0.901437017370269
"Florida",2017,0.876841844417758
"Florida",2016,1.01395084783513
"Florida",2015,1.05568116297783
"Florida",2014,1.17124878797114
"Florida",2013,1.4166725481592
"Florida",2012,1.79629236972273
"Florida",2011,2.45047341362281
"Florida",2010,2.39876902194581
"Florida",2009,2.60552873898199
"Florida",2008,2.57457843976768
"Florida",2007,3.16313696513722
"Florida",2006,3.03847803075798
"Florida",2005,2.51652866113165
"Florida",2004,2.58967421668671
"Florida",2003,1.64078220027717
"Florida",2002,1.36014720747398
"Florida",2001,0.825336434641975
"Florida",2000,0.331615232726945
"Georgia",2020,0.746964267190239
"Georgia",2019,0.612201284624339
"Georgia",2018,0.827037470976451
"Georgia",2017,0.834181977661374
"Georgia",2016,1.11538178403086
"Georgia",2015,1.14539014729522
"Georgia",2014,1.23794942887451
"Georgia",2013,1.10086230544385
"Georgia",2012,1.63307357046838
"Georgia",2011,1.45692247032921
"Georgia",2010,1.56900747786899
"Georgia",2009,1.74620818169213
"Georgia",2008,1.49397522925944
"Georgia",2007,1.87166015614138
"Georgia",2006,1.56184928634956
"Georgia",2005,1.43402552699878
"Georgia",2004,1.10613767285967
"Georgia",2003,0.823399100500267
"Georgia",2002,0.611171079008436
"Georgia",2001,0.513307925784746
"Georgia",2000,0.232090747971069
"Hawaii",2020,1.05001060510711
"Hawaii",2019,1.05001060510711
"Hawaii",2018,1.05001060510711
"Hawaii",2017,1.05001060510711
"Hawaii",2016,1.05001060510711
"Hawaii",2015,0.768369443204576
"Hawaii",2014,0.774887447598236
"Hawaii",2013,1.21077964237843
"Hawaii",2012,1.14916688991628
"Hawaii",2011,1.38200915035532
"Hawaii",2010,1.02918398207456
"Hawaii",2009,1.48509300766234
"Hawaii",2008,0.825693789206381
"Hawaii",2007,1.59613886408118
"Hawaii",2006,1.67973423550332
"Hawaii",2005,1.46975893632772
"Hawaii",2004,1.2563119862371
"Hawaii",2003,1.23318352993851
"Hawaii",2002,1.21005507363992
"Hawaii",2001,1.21005507363992
"Hawaii",2000,1.21005507363992
"Idaho",2020,0.711582872309738
"Idaho",2019,0.615534409772448
"Idaho",2018,0.570057826665937
"Idaho",2017,0.815402724493475
"Idaho",2016,0.891191463574034
"Idaho",2015,0.725106197845226
"Idaho",2014,1.10127846193003
"Idaho",2013,0.744354074346085
"Idaho",2012,0.81467518273791
"Idaho",2011,1.45111783392272
"Idaho",2010,1.65860541904666
"Idaho",2009,1.09364214356433
"Idaho",2008,1.23833359403514
"Idaho",2007,1.52813258875627
"Idaho",2006,2.38311014939377
"Idaho",2005,0.910210531695981
"Idaho",2004,1.65253390927733
"Idaho",2003,1.54028957443999
"Idaho",2002,0.746061541124404
"Idaho",2001,0.757597567202692
"Idaho",2000,0.757597567202692
"Illinois",2020,1.77953895641162
"Illinois",2019,1.17583731651512
"Illinois",2018,1.25578051468164
"Illinois",2017,1.25761373807874
"Illinois",2016,0.984256658515824
"Illinois",2015,0.816485542957054
"Illinois",2014,0.853998810612566
"Illinois",2013,0.75298077531403
"Illinois",2012,0.854352010892211
"Illinois",2011,0.683800160335597
"Illinois",2010,0.646889412774055
"Illinois",2009,0.695487567261072
"Illinois",2008,0.674666538218526
"Illinois",2007,0.834917444780844
"Illinois",2006,0.775073938494719
"Illinois",2005,0.682003660139178
"Illinois",2004,0.611607532558371
"Illinois",2003,0.541573490805914
"Illinois",2002,0.574824782229228
"Illinois",2001,0.480444122546882
"Illinois",2000,0.507275253108208
"Indiana",2020,0.755001552194368
"Indiana",2019,0.831820830546362
"Indiana",2018,0.896609292638031
"Indiana",2017,0.764982634894188
"Indiana",2016,0.587964546642398
"Indiana",2015,0.558939404925918
"Indiana",2014,0.606349540803913
"Indiana",2013,0.547869988016866
"Indiana",2012,0.764837776377955
"Indiana",2011,0.920680038828146
"Indiana",2010,0.987075175953862
"Indiana",2009,1.30044547998436
"Indiana",2008,1.30743247344745
"Indiana",2007,1.25399731237026
"Indiana",2006,0.836929894804229
"Indiana",2005,0.891916307670353
"Indiana",2004,0.609657585816926
"Indiana",2003,0.79075137195363
"Indiana",2002,0.341132432971132
"Indiana",2001,0.261106831860256
"Indiana",2000,0.261106831860256
"Iowa",2020,0.442539277731645
"Iowa",2019,0.412035232181853
"Iowa",2018,0.316842223662094
"Iowa",2017,0.540418366467867
"Iowa",2016,0.446614708362191
"Iowa",2015,0.832293233552045
"Iowa",2014,0.6114975704236
"Iowa",2013,0.873668787632474
"Iowa",2012,1.39874425295021
"Iowa",2011,1.27354881561593
"Iowa",2010,1.44434906634322
"Iowa",2009,1.12105035824153
"Iowa",2008,0.961304510109277
"Iowa",2007,1.23365737400357
"Iowa",2006,0.804655198541965
"Iowa",2005,0.775859568068859
"Iowa",2004,0.406279042603436
"Iowa",2003,0.406279042603436
"Iowa",2002,0.406279042603436
"Iowa",2001,0.406279042603436
"Iowa",2000,0.406279042603436
"Kansas",2020,0.617853070420833
"Kansas",2019,0.617853070420833
"Kansas",2018,0.549543964375812
"Kansas",2017,0.686548422431871
"Kansas",2016,0.412755663437656
"Kansas",2015,0.892967230506783
"Kansas",2014,1.20522544430636
"Kansas",2013,1.07119767156181
"Kansas",2012,1.17813995956208
"Kansas",2011,0.97518909961487
"Kansas",2010,1.05148122159686
"Kansas",2009,1.65919206524932
"Kansas",2008,0.819066150631251
"Kansas",2007,1.72427109133787
"Kansas",2006,1.6648986167226
"Kansas",2005,1.71201752523131
"Kansas",2004,1.20685802558758
"Kansas",2003,0.844655387946547
"Kansas",2002,0.995012041488317
"Kansas",2001,0.995012041488317
"Kansas",2000,0.995012041488317
"Kentucky",2020,1.02741615334945
"Kentucky",2019,0.671490505236171
"Kentucky",2018,0.872795240893725
"Kentucky",2017,1.18989113394155
"Kentucky",2016,1.12689414001524
"Kentucky",2015,1.37850241305717
"Kentucky",2014,1.42745244827354
"Kentucky",2013,1.66086690426922
"Kentucky",2012,1.89479763903648
"Kentucky",2011,2.38021346852946
"Kentucky",2010,2.74233546044849
"Kentucky",2009,2.22372838640246
"Kentucky",2008,3.03038920920362
"Kentucky",2007,3.68832740695078
"Kentucky",2006,4.10026547441375
"Kentucky",2005,3.77742638680559
"Kentucky",2004,3.32842832338141
"Kentucky",2003,3.18179720536194
"Kentucky",2002,1.95605000152816
"Kentucky",2001,1.25364663683479
"Kentucky",2000,0.717507606199167
"Louisiana",2020,0.62428449462448
"Louisiana",2019,0.51626292754637
"Louisiana",2018,0.386267918003046
"Louisiana",2017,0.256173077362348
"Louisiana",2016,0.405838434437655
"Louisiana",2015,0.36396926900412
"Louisiana",2014,0.451644372640158
"Louisiana",2013,0.454007917033296
"Louisiana",2012,0.564984887740762
"Louisiana",2011,0.327880605993308
"Louisiana",2010,0.397055436880097
"Louisiana",2009,0.423007323815223
"Louisiana",2008,1.17233664277956
"Louisiana",2007,2.62822240063662
"Louisiana",2006,2.83545198150449
"Louisiana",2005,2.31611570789673
"Louisiana",2004,1.66950849230642
"Louisiana",2003,1.28289009480558
"Louisiana",2002,1.02284342913151
"Louisiana",2001,0.513636490522848
"Louisiana",2000,0.513636490522848
"Maine",2020,1.99979113292612
"Maine",2019,1.85982568225845
"Maine",2018,1.41960125642183
"Maine",2017,2.2456653045459
"Maine",2016,2.92907360912189
"Maine",2015,2.70813523825572
"Maine",2014,2.18030522769529
"Maine",2013,2.78551112623485
"Maine",2012,1.95607557072266
"Maine",2011,2.4845880251892
"Maine",2010,2.7101066652815
"Maine",2009,3.15886852337939
"Maine",2008,3.90827871138038
"Maine",2007,3.61707258258982
"Maine",2006,3.70197163987522
"Maine",2005,4.85294441028005
"Maine",2004,4.33892979154868
"Maine",2003,2.90850531146648
"Maine",2002,3.85814376986944
"Maine",2001,1.16668688923941
"Maine",2000,1.56872218949693
"Maryland",2020,4.39248178853932
"Maryland",2019,3.19236214950179
"Maryland",2018,3.24357350450575
"Maryland",2017,4.03160713905096
"Maryland",2016,3.3740844056301
"Maryland",2015,3.06339853100051
"Maryland",2014,2.61026399306473
"Maryland",2013,2.41194950625876
"Maryland",2012,2.93989545187977
"Maryland",2011,2.95112339144473
"Maryland",2010,3.06570374701743
"Maryland",2009,2.39076306874857
"Maryland",2008,2.77926073423495
"Maryland",2007,3.69688513547934
"Maryland",2006,3.25196490650068
"Maryland",2005,2.68222164484918
"Maryland",2004,1.78476942671944
"Maryland",2003,0.800543059300773
"Maryland",2002,0.47790700260588
"Maryland",2001,0.409325857058573
"Maryland",2000,0.339847967123863
"Massachusetts",2020,1.69723281421219
"Massachusetts",2019,1.01559622099548
"Massachusetts",2018,1.33291819692678
"Massachusetts",2017,1.22452210473775
"Massachusetts",2016,1.46804527862692
"Massachusetts",2015,1.20687234322507
"Massachusetts",2014,1.33424101255254
"Massachusetts",2013,1.49413760170595
"Massachusetts",2012,1.30902971708106
"Massachusetts",2011,1.06261278875744
"Massachusetts",2010,1.32872525306489
"Massachusetts",2009,1.81047877497483
"Massachusetts",2008,1.34488242094913
"Massachusetts",2007,1.95908954578509
"Massachusetts",2006,2.35566335792167
"Massachusetts",2005,1.45237838673557
"Massachusetts",2004,0.904514321814655
"Massachusetts",2003,0.560523715991975
"Massachusetts",2002,0.373994539056406
"Massachusetts",2001,0.422031019592556
"Massachusetts",2000,0.422031019592556
"Michigan",2020,1.28429532571686
"Michigan",2019,1.15151343410645
"Michigan",2018,1.36055578703901
"Michigan",2017,1.52575040068514
"Michigan",2016,1.54104932365057
"Michigan",2015,1.75357689374211
"Michigan",2014,1.52373233290383
"Michigan",2013,1.68761498771881
"Michigan",2012,1.37605025011737
"Michigan",2011,1.65043452498419
"Michigan",2010,1.64918997454379
"Michigan",2009,1.84818783163231
"Michigan",2008,1.56832955510009
"Michigan",2007,1.58979587021027
"Michigan",2006,1.55439159966923
"Michigan",2005,1.30333513511954
"Michigan",2004,1.02433389704848
"Michigan",2003,0.527827882697125
"Michigan",2002,0.439309844234707
"Michigan",2001,0.160142206279176
"Michigan",2000,0.150929058915058
"Minnesota",2020,1.0959210173258
"Minnesota",2019,0.726997789926719
"Minnesota",2018,0.784148928415935
"Minnesota",2017,0.932466808664625
"Minnesota",2016,1.23189477009945
"Minnesota",2015,1.02011186983955
"Minnesota",2014,1.50260950129307
"Minnesota",2013,1.4205646098613
"Minnesota",2012,1.2455524945535
"Minnesota",2011,1.08515450635667
"Minnesota",2010,1.18779960123871
"Minnesota",2009,1.47693622078152
"Minnesota",2008,1.18162354312488
"Minnesota",2007,1.1138417303877
"Minnesota",2006,1.22008964753934
"Minnesota",2005,0.72271299426244
"Minnesota",2004,0.746897476331703
"Minnesota",2003,0.61342749247463
"Minnesota",2002,0.358641823414728
"Minnesota",2001,0.260897696795133
"Minnesota",2000,0.260897696795133
"Mississippi",2020,0.471891130671373
"Mississippi",2019,0.436847615541109
"Mississippi",2018,0.401804100410845
"Mississippi",2017,0.335109413223417
"Mississippi",2016,0.384776519825679
"Mississippi",2015,0.434443626427941
"Mississippi",2014,0.434525396683787
"Mississippi",2013,0.434607166939633
"Mississippi",2012,0.737036697057146
"Mississippi",2011,0.47003335893896
"Mississippi",2010,0.707714799024162
"Mississippi",2009,0.60836008427815
"Mississippi",2008,0.508853024927692
"Mississippi",2007,1.05861662711083
"Mississippi",2006,0.75732070948558
"Mississippi",2005,0.79148145713801
"Mississippi",2004,0.604922993259875
"Mississippi",2003,0.418364529381741
"Mississippi",2002,0.418364529381741
"Mississippi",2001,0.418364529381741
"Mississippi",2000,0.418364529381741
"Missouri",2020,0.438913912400586
"Missouri",2019,0.521391045239146
"Missouri",2018,0.718197090257134
"Missouri",2017,0.588857635815107
"Missouri",2016,0.722140160840309
"Missouri",2015,1.03555878752175
"Missouri",2014,0.907053561842665
"Missouri",2013,0.909967636587383
"Missouri",2012,1.06277196168441
"Missouri",2011,1.281051353855
"Missouri",2010,1.31910106768708
"Missouri",2009,1.34203688991003
"Missouri",2008,1.53614602232712
"Missouri",2007,1.54561815554422
"Missouri",2006,1.59172876120372
"Missouri",2005,1.46797229849921
"Missouri",2004,0.713323721441171
"Missouri",2003,1.20853266094546
"Missouri",2002,0.422920530589049
"Missouri",2001,0.35453814139052
"Missouri",2000,0.250213977631943
"Montana",2020,0.935648001736563
"Montana",2019,0.935648001736563
"Montana",2018,1.06114693323682
"Montana",2017,1.18664586473707
"Montana",2016,1.31214479623732
"Montana",2015,1.43764372773758
"Montana",2014,1.56314265923783
"Montana",2013,1.37908615840775
"Montana",2012,1.29335088310993
"Montana",2011,2.00360849890653
"Montana",2010,1.21283788905565
"Montana",2009,3.96348713695982
"Montana",2008,2.66280218964272
"Montana",2007,2.79878014649023
"Montana",2006,3.04400582769667
"Montana",2005,1.59557154436434
"Montana",2004,2.36556850525102
"Montana",2003,2.93596337657536
"Montana",2002,1.09689173788236
"Montana",2001,1.09689173788236
"Montana",2000,1.09689173788236
"Nebraska",2020,0.632847974095423
"Nebraska",2019,0.632847974095423
"Nebraska",2018,0.632847974095423
"Nebraska",2017,0.632847974095423
"Nebraska",2016,0.632847974095423
"Nebraska",2015,0.632847974095423
"Nebraska",2014,0.835079105961353
"Nebraska",2013,1.03731023782728
"Nebraska",2012,1.23954136969321
"Nebraska",2011,1.03112868974477
"Nebraska",2010,0.821314310963834
"Nebraska",2009,1.1033368768836
"Nebraska",2008,0.556675710791381
"Nebraska",2007,0.78499977571435
"Nebraska",2006,0.564113470296323
"Nebraska",2005,0.681238741820168
"Nebraska",2004,0.681238741820168
"Nebraska",2003,0.681238741820168
"Nebraska",2002,0.681238741820168
"Nebraska",2001,0.681238741820168
"Nebraska",2000,0.681238741820168
"Nevada",2020,1.2108624559031
"Nevada",2019,1.103840195107
"Nevada",2018,1.12048805823374
"Nevada",2017,1.83453250608148
"Nevada",2016,1.97275019744508
"Nevada",2015,2.21388555941256
"Nevada",2014,2.46557094345777
"Nevada",2013,2.72388155989529
"Nevada",2012,2.7546901317938
"Nevada",2011,3.89230505977626
"Nevada",2010,4.03621335053476
"Nevada",2009,5.14030614620446
"Nevada",2008,4.55979168158334
"Nevada",2007,4.88260225014917
"Nevada",2006,4.63796519385505
"Nevada",2005,4.23494835624386
"Nevada",2004,4.17692784399771
"Nevada",2003,2.53462881028081
"Nevada",2002,2.71415237251419
"Nevada",2001,2.47807971696517
"Nevada",2000,1.45126477725338
"New Hampshire",2020,1.31745073283197
"New Hampshire",2019,1.25065814553133
"New Hampshire",2018,1.18386555823068
"New Hampshire",2017,1.11707297093004
"New Hampshire",2016,2.24753613850816
"New Hampshire",2015,1.87884034967474
"New Hampshire",2014,2.26105713465274
"New Hampshire",2013,1.05783405454948
"New Hampshire",2012,2.04434254700852
"New Hampshire",2011,2.50342514076077
"New Hampshire",2010,2.43074281981359
"New Hampshire",2009,3.41918787449605
"New Hampshire",2008,1.59585867075612
"New Hampshire",2007,4.95223002727536
"New Hampshire",2006,3.43934410943534
"New Hampshire",2005,4.00464538865084
"New Hampshire",2004,2.3253632798784
"New Hampshire",2003,3.04725590698837
"New Hampshire",2002,2.67908712470126
"New Hampshire",2001,0.955781562495769
"New Hampshire",2000,0.955781562495769
"New Jersey",2020,1.59867224640808
"New Jersey",2019,1.27220876833303
"New Jersey",2018,1.39192593158011
"New Jersey",2017,0.954956691603621
"New Jersey",2016,0.972668137147102
"New Jersey",2015,0.62513863286423
"New Jersey",2014,0.592962209847088
"New Jersey",2013,0.831522431047969
"New Jersey",2012,0.800939468153631
"New Jersey",2011,0.736864957026602
"New Jersey",2010,0.54595744671171
"New Jersey",2009,0.582928454101376
"New Jersey",2008,0.619899461491042
"New Jersey",2007,0.93340716084622
"New Jersey",2006,0.854337825264594
"New Jersey",2005,0.913086423976771
"New Jersey",2004,0.590649599904384
"New Jersey",2003,0.63943064165586
"New Jersey",2002,0.572922311851436
"New Jersey",2001,0.353245757430142
"New Jersey",2000,0.213920267162645
"New Mexico",2020,2.94352374925166
"New Mexico",2019,2.57531730055241
"New Mexico",2018,2.76793094298635
"New Mexico",2017,1.72408013141322
"New Mexico",2016,2.11435285185354
"New Mexico",2015,1.67856932179565
"New Mexico",2014,2.20562991831498
"New Mexico",2013,1.58251597981477
"New Mexico",2012,1.77412255254999
"New Mexico",2011,1.53681832502171
"New Mexico",2010,1.45689131445105
"New Mexico",2009,1.17831777462905
"New Mexico",2008,2.63594776247823
"New Mexico",2007,2.66322290170698
"New Mexico",2006,2.95596077134267
"New Mexico",2005,1.50082234714124
"New Mexico",2004,2.31115742763976
"New Mexico",2003,1.97062805513924
"New Mexico",2002,1.77867945447362
"New Mexico",2001,1.47404855625133
"New Mexico",2000,1.42932064389796
"New York",2020,2.27028538780198
"New York",2019,1.51643187589151
"New York",2018,1.39697615556153
"New York",2017,1.46603934960449
"New York",2016,1.54467225068218
"New York",2015,1.30835893347227
"New York",2014,1.23567909960723
"New York",2013,1.44520973275477
"New York",2012,1.73732992114924
"New York",2011,1.59258598821271
"New York",2010,1.38300438298859
"New York",2009,1.29486272020824
"New York",2008,1.54587372470623
"New York",2007,1.58370632753399
"New York",2006,1.67498655169001
"New York",2005,0.966935509582853
"New York",2004,0.761544426702314
"New York",2003,0.808304615487148
"New York",2002,0.757662845259121
"New York",2001,0.717922564767358
"New York",2000,0.526968759236774
"North Carolina",2020,0.981055904810409
"North Carolina",2019,0.772305027305273
"North Carolina",2018,0.741552560667667
"North Carolina",2017,1.02205507241552
"North Carolina",2016,1.21220626665305
"North Carolina",2015,1.09531184623574
"North Carolina",2014,1.32743843400881
"North Carolina",2013,1.66530260782327
"North Carolina",2012,1.88677832907937
"North Carolina",2011,2.12294414865331
"North Carolina",2010,2.00304483789652
"North Carolina",2009,2.64562414824131
"North Carolina",2008,3.29772470959345
"North Carolina",2007,3.68500369103569
"North Carolina",2006,3.83525451175079
"North Carolina",2005,3.4691083369221
"North Carolina",2004,3.18011418480579
"North Carolina",2003,3.02760427098792
"North Carolina",2002,2.30597363671619
"North Carolina",2001,1.32762947980554
"North Carolina",2000,1.13053126397247
"Ohio",2020,0.744021085044432
"Ohio",2019,0.710063221291631
"Ohio",2018,0.624495164097653
"Ohio",2017,0.952086136519374
"Ohio",2016,0.861002139332016
"Ohio",2015,0.973012005159891
"Ohio",2014,0.940128235216289
"Ohio",2013,1.08030484992924
"Ohio",2012,1.20406523608124
"Ohio",2011,1.48116696207719
"Ohio",2010,1.56026470410793
"Ohio",2009,1.13627532072455
"Ohio",2008,1.63259762521307
"Ohio",2007,1.73905966261547
"Ohio",2006,1.60261812057663
"Ohio",2005,1.43065010834558
"Ohio",2004,1.30105426435379
"Ohio",2003,0.673383712929352
"Ohio",2002,0.569781140051415
"Ohio",2001,0.342483677579192
"Ohio",2000,0.18497085387831
"Oklahoma",2020,0.45217234900772
"Oklahoma",2019,0.505437113387993
"Oklahoma",2018,0.532578728450533
"Oklahoma",2017,0.788630692896015
"Oklahoma",2016,1.19789140528209
"Oklahoma",2015,1.58513531686599
"Oklahoma",2014,1.72767196718145
"Oklahoma",2013,1.76597322784587
"Oklahoma",2012,2.01844385842582
"Oklahoma",2011,2.00447948415248
"Oklahoma",2010,2.71902042757396
"Oklahoma",2009,3.12031616334532
"Oklahoma",2008,3.18890066329134
"Oklahoma",2007,5.00777443222982
"Oklahoma",2006,4.28481201082889
"Oklahoma",2005,3.15617693415172
"Oklahoma",2004,3.77280026596824
"Oklahoma",2003,2.68196566399193
"Oklahoma",2002,1.28973826911392
"Oklahoma",2001,1.29791468374146
"Oklahoma",2000,1.15920054575162
"Oregon",2020,0.801601883481508
"Oregon",2019,0.687572506298994
"Oregon",2018,0.811317787689112
"Oregon",2017,0.917259344941653
"Oregon",2016,1.1481715368276
"Oregon",2015,1.76223393680331
"Oregon",2014,1.53643143397664
"Oregon",2013,1.75569615260816
"Oregon",2012,2.20549409094278
"Oregon",2011,2.71187561323902
"Oregon",2010,2.7407458065284
"Oregon",2009,3.04573859160847
"Oregon",2008,3.66169348547581
"Oregon",2007,3.73413295716197
"Oregon",2006,4.11345172265093
"Oregon",2005,3.54256418545102
"Oregon",2004,2.80154185657619
"Oregon",2003,2.64984597065549
"Oregon",2002,2.3623678781724
"Oregon",2001,1.52828612515164
"Oregon",2000,0.935289920877396
"Pennsylvania",2020,1.21252382218174
"Pennsylvania",2019,1.05452363691298
"Pennsylvania",2018,0.929175001913007
"Pennsylvania",2017,0.523211170292976
"Pennsylvania",2016,0.9073681185417
"Pennsylvania",2015,0.71079850557348
"Pennsylvania",2014,0.656906444557213
"Pennsylvania",2013,0.6497674419697
"Pennsylvania",2012,0.712968569211541
"Pennsylvania",2011,0.698428911629595
"Pennsylvania",2010,0.889597137670038
"Pennsylvania",2009,0.844724082325704
"Pennsylvania",2008,0.88802306639915
"Pennsylvania",2007,0.994911069675055
"Pennsylvania",2006,0.79930882167572
"Pennsylvania",2005,0.93975979097172
"Pennsylvania",2004,0.781582247994919
"Pennsylvania",2003,0.614158387245934
"Pennsylvania",2002,0.316275257113537
"Pennsylvania",2001,0.138222956881755
"Pennsylvania",2000,0.162852471782959
"Rhode Island",2020,4.82440581766584
"Rhode Island",2019,2.26551666523499
"Rhode Island",2018,3.12111338626616
"Rhode Island",2017,2.83115287376172
"Rhode Island",2016,2.74510472101217
"Rhode Island",2015,2.84010762114479
"Rhode Island",2014,2.27450854030571
"Rhode Island",2013,2.66283472070192
"Rhode Island",2012,2.66592528553964
"Rhode Island",2011,2.75848424144537
"Rhode Island",2010,2.37514571518963
"Rhode Island",2009,3.79634146572948
"Rhode Island",2008,2.65402088904013
"Rhode Island",2007,2.74279661217329
"Rhode Island",2006,4.23291969869137
"Rhode Island",2005,2.62192906558194
"Rhode Island",2004,1.30283580825607
"Rhode Island",2003,1.96015838079717
"Rhode Island",2002,1.59475419678329
"Rhode Island",2001,0.945946712929767
"Rhode Island",2000,0.945946712929767
"South Carolina",2020,0.881557059738906
"South Carolina",2019,0.602092095229993
"South Carolina",2018,1.19981267187071
"South Carolina",2017,0.935440848393102
"South Carolina",2016,1.18924782896762
"South Carolina",2015,1.22545365273013
"South Carolina",2014,1.63477070375016
"South Carolina",2013,1.06809884061012
"South Carolina",2012,0.804450218609347
"South Carolina",2011,1.38911744026261
"South Carolina",2010,1.59987408558548
"South Carolina",2009,1.28543889677098
"South Carolina",2008,1.32479693071047
"South Carolina",2007,1.39510498164987
"South Carolina",2006,1.7210333451358
"South Carolina",2005,1.45193962741356
"South Carolina",2004,0.997406505607681
"South Carolina",2003,0.481893223545207
"South Carolina",2002,0.340815449651212
"South Carolina",2001,0.369004143916536
"South Carolina",2000,0.324026947077925
"Tennessee",2020,0.842186700013388
"Tennessee",2019,0.790725203370129
"Tennessee",2018,1.03397188482735
"Tennessee",2017,1.04228955876012
"Tennessee",2016,1.2930009258488
"Tennessee",2015,1.04540718534115
"Tennessee",2014,1.12988277313542
"Tennessee",2013,1.35468439086462
"Tennessee",2012,1.65731060618381
"Tennessee",2011,1.38989682436686
"Tennessee",2010,2.11153140390838
"Tennessee",2009,1.6967915891151
"Tennessee",2008,1.95280893157181
"Tennessee",2007,2.60698052229316
"Tennessee",2006,3.08765355738749
"Tennessee",2005,2.35350790353021
"Tennessee",2004,1.96250631681721
"Tennessee",2003,1.43643468702482
"Tennessee",2002,0.810915544353802
"Tennessee",2001,0.365167284002247
"Tennessee",2000,0.263653609778244
"Texas",2020,0.43595603233554
"Texas",2019,0.37246669621799
"Texas",2018,0.407639299842919
"Texas",2017,0.49108632393128
"Texas",2016,0.520410948068156
"Texas",2015,0.549708301476342
"Texas",2014,0.489669494606921
"Texas",2013,0.521774776825018
"Texas",2012,0.571774969480072
"Texas",2011,0.740028668710626
"Texas",2010,0.755600561069208
"Texas",2009,0.733818860684933
"Texas",2008,0.728124217497862
"Texas",2007,0.855992554207512
"Texas",2006,0.980325844899609
"Texas",2005,0.921937246541341
"Texas",2004,0.736803744463422
"Texas",2003,0.730790723279012
"Texas",2002,0.654669766358964
"Texas",2001,0.440908380082911
"Texas",2000,0.292540411340593
"Utah",2020,0.584637151106241
"Utah",2019,0.904565811529658
"Utah",2018,1.29701480969471
"Utah",2017,1.57971109340832
"Utah",2016,1.40927374224777
"Utah",2015,1.50204327954127
"Utah",2014,1.66502316421002
"Utah",2013,2.1028159808499
"Utah",2012,1.89122844743803
"Utah",2011,2.69769297556245
"Utah",2010,2.35176210298185
"Utah",2009,2.5702966966914
"Utah",2008,3.94287857924191
"Utah",2007,3.69551141643563
"Utah",2006,4.4347531010605
"Utah",2005,4.7605116776979
"Utah",2004,4.37212168655635
"Utah",2003,3.55911542423173
"Utah",2002,2.66687886993159
"Utah",2001,1.83910864534322
"Utah",2000,1.25382360224417
"Vermont",2020,2.56678864260195
"Vermont",2019,2.45946698744043
"Vermont",2018,2.35214533227891
"Vermont",2017,2.24482367711739
"Vermont",2016,2.24145604984998
"Vermont",2015,2.23902845859864
"Vermont",2014,2.23660086734729
"Vermont",2013,2.23417327609594
"Vermont",2012,3.03509043770796
"Vermont",2011,2.23488301185605
"Vermont",2010,2.15774610711525
"Vermont",2009,2.08060920237446
"Vermont",2008,2.88391751355041
"Vermont",2007,2.72662679375955
"Vermont",2006,4.3346198056806
"Vermont",2005,3.05852241172541
"Vermont",2004,2.41943338134639
"Vermont",2003,1.78034435096737
"Vermont",2002,1.78034435096737
"Vermont",2001,1.78034435096737
"Vermont",2000,1.78034435096737
"Virginia",2020,1.03602057280763
"Virginia",2019,0.948975686188502
"Virginia",2018,1.10358624438448
"Virginia",2017,0.979926847870489
"Virginia",2016,0.927267954760736
"Virginia",2015,0.811166131237375
"Virginia",2014,1.30910661400295
"Virginia",2013,1.21059439579536
"Virginia",2012,1.2949147597927
"Virginia",2011,1.95143544132824
"Virginia",2010,1.37482402252512
"Virginia",2009,1.61495101462452
"Virginia",2008,1.81272831440777
"Virginia",2007,1.93523416333376
"Virginia",2006,1.51165177277007
"Virginia",2005,1.62331127785612
"Virginia",2004,1.56509699922748
"Virginia",2003,1.53387203462153
"Virginia",2002,1.23509768867936
"Virginia",2001,1.02801165042825
"Virginia",2000,0.536835762868342
"Washington",2020,1.3907641820253
"Washington",2019,0.998044227279359
"Washington",2018,1.24741377285471
"Washington",2017,1.6608731899014
"Washington",2016,1.71514818880351
"Washington",2015,1.63171928403505
"Washington",2014,1.69934844148506
"Washington",2013,2.30943370677307
"Washington",2012,2.69682001423225
"Washington",2011,3.51388967382026
"Washington",2010,3.4500501149521
"Washington",2009,4.10953192431382
"Washington",2008,4.4954223647415
"Washington",2007,4.39520507887613
"Washington",2006,5.446765868964
"Washington",2005,4.49075120998577
"Washington",2004,4.19185759984592
"Washington",2003,2.76862411668194
"Washington",2002,2.36271900381158
"Washington",2001,1.40333948018301
"Washington",2000,1.15369195847863
"West Virginia",2020,2.35322198111035
"West Virginia",2019,0.781185918342636
"West Virginia",2018,1.60590796929061
"West Virginia",2017,2.03760538412441
"West Virginia",2016,1.80219343324402
"West Virginia",2015,1.62678512554443
"West Virginia",2014,1.99964762966094
"West Virginia",2013,3.02000103542893
"West Virginia",2012,3.8805376484912
"West Virginia",2011,3.39556011650544
"West Virginia",2010,3.88560351517598
"West Virginia",2009,2.21888487505243
"West Virginia",2008,4.78180306578783
"West Virginia",2007,5.34335994835479
"West Virginia",2006,5.74425902341032
"West Virginia",2005,3.46060295788172
"West Virginia",2004,6.11086092671481
"West Virginia",2003,3.80732717355618
"West Virginia",2002,4.2095607987974
"West Virginia",2001,2.16488544702942
"West Virginia",2000,2.16488544702942
"Wisconsin",2020,1.26871896246221
"Wisconsin",2019,0.978972024414532
"Wisconsin",2018,0.98046500875194
"Wisconsin",2017,1.05254385182391
"Wisconsin",2016,1.15942871659201
"Wisconsin",2015,1.29952556920519
"Wisconsin",2014,1.38947652166784
"Wisconsin",2013,1.34082967405824
"Wisconsin",2012,1.10016802883767
"Wisconsin",2011,1.38310964015164
"Wisconsin",2010,1.51222457730685
"Wisconsin",2009,1.69334149900234
"Wisconsin",2008,2.1272839051827
"Wisconsin",2007,2.56649036897755
"Wisconsin",2006,2.20522782423796
"Wisconsin",2005,1.35228552481119
"Wisconsin",2004,1.32389655036084
"Wisconsin",2003,0.784785670470687
"Wisconsin",2002,0.716232134140362
"Wisconsin",2001,0.388397278629734
"Wisconsin",2000,0.354234736444695
