"State","Year","Overdose_Rate","heroin_rate","other_rate"
"Alabama",2020,12.7805732036285,10.4642213034478,2.98687481865403
"Alabama",2019,8.70862510796554,6.15926178596157,3.10002579955682
"Alabama",2018,8.01985158773626,5.33974812346725,2.90515032004732
"Alabama",2017,8.90302614679285,5.8669711474257,3.38479104659175
"Alabama",2016,7.21732157177225,4.95548290255588,2.28240083893652
"Alabama",2015,6.00949294080094,3.56041876287179,2.30501099099214
"Alabama",2014,5.81517997054055,3.34063530222542,2.22709020148361
"Alabama",2013,3.62039852519446,1.44815941007778,1.75847928366588
"Alabama",2012,3.62918219178963,1.09912374951343,1.67979290019977
"Alabama",2011,3.74786059624298,0.72875067149169,2.20707346223198
"Alabama",2010,4.05880157397814,0.920552934304321,2.0503224445869
"Alabama",2009,4.41367668094876,0.903752844194271,2.08073329244727
"Alabama",2008,4.13292679463338,0.529862409568382,1.78033769614977
"Alabama",2007,3.68084505354346,0.535006548480153,1.62641990737967
"Alabama",2006,2.89480557384012,0.583281720102113,1.25297554688602
"Alabama",2005,1.81627005966338,0.284476033441252,0.656483154095197
"Alabama",2004,2.03057830207898,0.286929542685073,1.01528915103949
"Alabama",2003,1.19906978830423,0.266230189618825,0.621739890231822
"Alabama",2002,1.67407388558576,0.245530836552577,0.848197435363449
"Alabama",2001,1.4996752195905,0.268928086082275,0.738646003678905
"Alabama",2000,1.03438195678082,0.292325335611972,0.629623799779632
"Alaska",2020,16.8226293085763,13.2666263653,7.65908326244122
"Alaska",2019,13.6696990615752,9.70548633371836,8.06512244632934
"Alaska",2018,11.1195788662911,6.37341715506931,7.59385873795492
"Alaska",2017,14.7338113936969,8.92139038517427,10.0027710379227
"Alaska",2016,13.6138046675131,7.81782842292834,8.89614958471156
"Alaska",2015,12.4588316866008,7.17737042815046,7.98990292945051
"Alaska",2014,10.7230308986171,5.29364816514011,7.19393212185707
"Alaska",2013,9.38606944059026,4.76104971624144,6.39340961895279
"Alaska",2012,11.0739094591694,4.2381628794352,6.8357465797342
"Alaska",2011,9.96239197031207,2.35223143743479,6.08812842630182
"Alaska",2010,9.99674753706893,2.25278817736765,6.3359667488465
"Alaska",2009,13.4498029031543,4.1494072786327,9.87272766295366
"Alaska",2008,13.6736222734579,3.05474540151719,8.58237993759592
"Alaska",2007,2.35190357195355,3.05474540151719,1.46993973247097
"Alaska",2006,4.2943749611285,3.05474540151719,2.81355600901523
"Alaska",2005,2.84880635013929,3.05474540151719,1.49937176323121
"Alaska",2004,1.66847164963309,3.05474540151719,1.75213184977792
"Alaska",2003,2.15911439296499,3.05474540151719,2.00489193632463
"Alaska",2002,2.42085626830354,3.05474540151719,2.10704520377964
"Alaska",2001,2.68259814364208,3.05474540151719,2.20919847123466
"Alaska",2000,4.30668716862435,3.05474540151719,3.66865943993926
"Arizona",2020,26.3023113829855,22.6911333857313,5.06642883196852
"Arizona",2019,18.1900189277863,14.3844031853416,4.91844922669751
"Arizona",2018,16.160864604862,12.0474435018126,5.17314992959775
"Arizona",2017,13.810756997664,8.26650057651715,6.1428650835843
"Arizona",2016,11.628794453267,6.04524178153708,5.75668608790763
"Arizona",2015,10.2664517692787,4.75976722541452,5.34558473008092
"Arizona",2014,9.15102821309536,3.81788027721673,5.12517002194464
"Arizona",2013,8.22439903033581,3.00303744410427,4.70827981186197
"Arizona",2012,8.62166968933759,2.13634293187126,6.19539450242666
"Arizona",2011,9.19397671116336,2.4681816674264,6.43269847073006
"Arizona",2010,10.1689341564642,2.53441128207262,7.00874231091688
"Arizona",2009,9.85314245878312,2.20710391076742,6.81049206751089
"Arizona",2008,8.20016425804755,1.76741404396753,5.52515921852912
"Arizona",2007,7.94463916016409,1.47543298688762,5.64231515864715
"Arizona",2006,7.94474702117599,1.79129995467016,5.17486653571379
"Arizona",2005,6.73051579898672,1.1645676191631,4.46988453825836
"Arizona",2004,6.3689715030985,1.25610271311109,4.29905576459149
"Arizona",2003,6.35166751234583,1.61513831028222,3.75655764301596
"Arizona",2002,6.30066592479414,0.926568518352079,4.6328425917604
"Arizona",2001,5.21477575421302,0.834364120674083,4.00115521505072
"Arizona",2000,4.85320327008447,0.623704837922502,4.11255377505149
"Arkansas",2020,9.63530375295081,6.99549450556703,3.59674009956041
"Arkansas",2019,6.89242906431299,4.37404152158324,3.34680449757506
"Arkansas",2018,7.20015262996358,3.68302738214727,4.04801207767538
"Arkansas",2017,6.65717132130538,2.72944024173521,4.4603047852746
"Arkansas",2016,5.8562743119045,1.70668565661217,4.35037520312906
"Arkansas",2015,6.98407496598621,1.81317330847719,5.40594264194125
"Arkansas",2014,6.03431333053979,1.34844990626588,4.48359593833404
"Arkansas",2013,5.91341476724968,1.18268295344994,4.46040428158262
"Arkansas",2012,6.13740115308543,0.949432222576752,4.57761964456648
"Arkansas",2011,5.99051252578728,1.2253321075474,4.2886623764159
"Arkansas",2010,6.79031440527477,2.19484910069488,4.56117078738154
"Arkansas",2009,7.62899473668404,2.2783423195527,4.97092869720589
"Arkansas",2008,7.30548112855073,1.6350362525804,4.27892466100828
"Arkansas",2007,5.47627823705966,1.01802608253032,3.33491302897864
"Arkansas",2006,5.28039050791332,1.16948246148416,2.87054786000657
"Arkansas",2005,4.56654334602497,1.00679695817873,2.5529494296675
"Arkansas",2004,4.83691592421826,1.1274014560208,2.72758416779225
"Arkansas",2003,3.5965731264056,0.990892596050522,2.23868327255859
"Arkansas",2002,3.54776754879197,1.07172144703091,1.84779559832915
"Arkansas",2001,1.11459069814618,1.07172144703091,0.631601395616166
"Arkansas",2000,0.74811101967532,1.07172144703091,0.37405550983766
"California",2020,14.3872911448712,12.1519775489167,3.08625683986909
"California",2019,8.51382115352001,6.29172395590094,2.82444245164338
"California",2018,6.43121850987605,3.98917563230519,2.80607411397894
"California",2017,5.92108795855835,3.07309776576181,3.05539267575331
"California",2016,5.46751355547184,2.41273780849573,3.02675028140752
"California",2015,5.44133325642234,2.10500403910423,3.21881685591181
"California",2014,5.56407447973713,1.99213968172154,3.35029959409832
"California",2013,5.44707195229868,1.76873313393606,3.46442124169188
"California",2012,4.85523283430723,1.37481687728353,3.15445555017254
"California",2011,5.45740423038237,1.4485866357748,3.7435086869565
"California",2010,5.52692981115885,1.45756332562373,3.52177363391958
"California",2009,5.75738431208551,1.55838973860961,3.80669160108285
"California",2008,5.16059066989794,1.36049452282116,3.6170577273398
"California",2007,4.86064795416514,1.23861006323504,3.3323852035366
"California",2006,4.44738073982095,1.27147339502996,3.09539920405765
"California",2005,4.14480954153578,1.11086477948232,2.96974905871654
"California",2004,4.34861121043298,1.29024728221638,2.9880890217778
"California",2003,4.3400365907634,1.40412948524698,3.15149062244323
"California",2002,4.53947902896902,1.45963033843666,3.53006865739789
"California",2001,1.75466795330715,0.759872733498305,1.35152936568782
"California",2000,3.2623154326592,1.23702277491783,2.62756627607845
"Colorado",2020,17.4250854767595,13.7403342000534,5.13110224513273
"Colorado",2019,11.7386871007804,8.05732369047652,4.72325871510693
"Colorado",2018,10.5696292763983,6.4260536796707,4.5298411184564
"Colorado",2017,10.7006156777574,5.92100734169242,5.1719642442494
"Colorado",2016,10.1073089380196,5.57706868187155,4.43999642634434
"Colorado",2015,9.38317706311689,4.16011951821784,5.47962879271865
"Colorado",2014,9.93303417225151,4.53708139822766,5.65734841013573
"Colorado",2013,8.40867767944033,3.58744939371156,4.91613435434547
"Colorado",2012,7.99987354416759,2.71802932464489,5.0119689674303
"Colorado",2011,8.2668920160194,3.10741331098602,4.61226126662075
"Colorado",2010,6.46226553906429,2.08780886646693,3.77793985360682
"Colorado",2009,8.28607888467769,2.87599339929347,4.68605917507258
"Colorado",2008,7.46462483613615,1.77923934450368,5.13320776402787
"Colorado",2007,7.66049358558562,1.74859092714454,5.0376071948688
"Colorado",2006,7.13919070388395,1.41936432391758,4.61823018826914
"Colorado",2005,6.69273523021282,1.68397854179548,4.25312529145782
"Colorado",2004,5.09288170328696,1.00546162382489,3.56283140616212
"Colorado",2003,5.05660304032122,0.993655619277096,3.64340393734935
"Colorado",2002,4.58755845239829,1.31391237228883,3.00640966540665
"Colorado",2001,4.60945385428296,0.97160056732435,3.75083009711261
"Colorado",2000,4.27781527324196,1.46468675116437,3.04561848257988
"Connecticut",2020,35.4511631411361,32.8647182489993,6.24120397885188
"Connecticut",2019,31.3859725738769,28.1604257946134,6.11451476416905
"Connecticut",2018,26.8986876743271,23.6518117427747,4.75835265830969
"Connecticut",2017,26.9495655741177,22.7413086954292,5.65745792300506
"Connecticut",2016,24.2698629815247,19.7681948478548,6.20726910356968
"Connecticut",2015,19.2710099958617,14.0076850114429,5.8202905912357
"Connecticut",2014,14.7636276485211,10.0370425256424,5.03242298377085
"Connecticut",2013,12.2911614869525,7.48036751129007,4.64394562968566
"Connecticut",2012,5.62619713359182,3.11947563842715,2.03322965718912
"Connecticut",2011,5.94854259310098,2.82067043147042,2.31797669120836
"Connecticut",2010,6.29529640633704,2.7699304187883,2.63003494309192
"Connecticut",2009,6.17664011553686,3.36907642665647,1.79684076088345
"Connecticut",2008,6.57156419304153,3.52551727094503,1.91788139539409
"Connecticut",2007,7.05928380872459,3.99742577120549,1.89948600475722
"Connecticut",2006,6.76624609803665,2.98510857266323,2.38808685813058
"Connecticut",2005,4.9900825673319,2.6233576925402,1.5683116640186
"Connecticut",2004,5.6062565823459,2.97474839063252,1.60178759495597
"Connecticut",2003,4.82157863076351,3.30048537224883,1.23409453049304
"Connecticut",2002,5.03072064494995,2.83339438623618,1.64799469403533
"Connecticut",2001,4.60260979627626,3.05869638360131,1.22347855344052
"Connecticut",2000,5.07992065927387,3.37682587177164,1.32136664547586
"Delaware",2020,41.8520706641305,37.0892442205128,7.29624476469104
"Delaware",2019,40.0507720556521,36.2510834247312,7.18860011255294
"Delaware",2018,37.015171050414,32.8793977486918,10.8564049170209
"Delaware",2017,26.6129141244923,21.8309061177476,9.35610262189183
"Delaware",2016,16.7005404042791,12.0790072106421,4.51649834832706
"Delaware",2015,14.5887556637144,10.1486995921491,4.86291855457146
"Delaware",2014,13.360210514165,7.9092446243857,5.02343915332605
"Delaware",2013,12.4223736671603,6.69727971620817,5.61707331036814
"Delaware",2012,9.37746703711296,4.14353194663131,5.67009634802179
"Delaware",2011,12.6772751575014,3.196878083196,8.92921119789226
"Delaware",2010,12.9185441246239,3.78646982963113,7.79567317865233
"Delaware",2009,10.4291657788793,3.36424702544492,6.05564464580086
"Delaware",2008,7.69340426350362,1.6970744698905,4.75180851569341
"Delaware",2007,5.96501974765672,1.72067877336252,2.17952644625919
"Delaware",2006,4.88788131293147,2.44394065646574,2.09480627697063
"Delaware",2005,3.90463231379045,1.30154410459682,2.01147725255872
"Delaware",2004,4.57388815399078,1.44438573283919,2.40730955473199
"Delaware",2003,5.62345125873621,1.95598304651694,2.56722774855349
"Delaware",2002,6.69834736885194,2.35682592607753,3.84534756360019
"Delaware",2001,5.02702655149749,1.50810796544925,3.01621593089849
"Delaware",2000,4.59418070444104,1.78662582950485,2.67993874425727
"District of Columbia",2020,47.6981437004781,44.8923705416264,5.89212363358847
"District of Columbia",2019,34.9982784247657,33.0145703359126,3.68402930787008
"District of Columbia",2018,27.3327117039526,24.6279121082489,5.40959919140728
"District of Columbia",2017,35.4481160623195,30.8369790135625,6.6285095075882
"District of Columbia",2016,31.2697270872176,26.4251214821557,8.22114890555955
"District of Columbia",2015,14.8759051988313,11.7519651070768,3.57021724771952
"District of Columbia",2014,9.86503119626404,6.9814066927407,3.79424276779386
"District of Columbia",2013,9.28147464069091,5.87826727243758,2.62975114819576
"District of Columbia",2012,7.11661603326148,4.11182259699552,3.16294045922732
"District of Columbia",2011,9.22336066900109,4.20714697182506,3.72170693661448
"District of Columbia",2010,5.98281933713686,3.15759909460001,2.32665196444211
"District of Columbia",2009,2.19510053560453,2.92488694686362,2.88676265281716
"District of Columbia",2008,5.68734101296714,2.69217479912724,3.4468733411922
"District of Columbia",2007,5.04871135994875,2.45946265139086,3.48186990341293
"District of Columbia",2006,10.864213106797,2.22675050365448,8.76146218290078
"District of Columbia",2005,7.93460475088868,1.99403835591809,5.64238560063195
"District of Columbia",2004,9.33502890336308,1.76132620818171,7.04530483272685
"District of Columbia",2003,10.55405258029,1.76132620818171,8.2673411878938
"District of Columbia",2002,5.05968685772509,1.76132620818171,3.83838313344662
"District of Columbia",2001,8.35503321125701,1.76132620818171,8.35503321125701
"District of Columbia",2000,7.51670719278955,1.76132620818171,6.11825004064266
"Florida",2020,25.5644422718452,22.5920467161195,5.53528150702479
"Florida",2019,17.8929465427386,14.3264627926117,5.54527695352634
"Florida",2018,15.3056493574327,11.1881479812154,5.91568042649239
"Florida",2017,15.7879186443263,11.7134633346677,5.91868244981987
"Florida",2016,13.8120481520891,9.48941559026566,5.48697803302171
"Florida",2015,9.30380688493549,5.23400800896954,4.29178790556409
"Florida",2014,7.26878003178659,3.20711041513129,3.73492639254318
"Florida",2013,6.78673094370849,1.94856404638503,4.22444593783211
"Florida",2012,7.15928630353469,1.44945781994918,4.74697436033356
"Florida",2011,8.58977511370564,1.09667867975839,6.00812003982465
"Florida",2010,9.24935549703718,1.10098711206825,6.70166068215459
"Florida",2009,8.86737558493048,1.46359947683556,5.9240931205249
"Florida",2008,8.22029971439451,1.30078281757654,5.1977338312291
"Florida",2007,8.26988821005756,1.18685689913927,4.8236477643917
"Florida",2006,7.28243919328408,1.28805046956045,3.75956611414439
"Florida",2005,6.45105676829071,1.45162789138774,3.23393549548544
"Florida",2004,7.2235258638401,1.76855800163971,3.61750500335394
"Florida",2003,6.35141496881485,2.28180463694459,2.95223177254172
"Florida",2002,5.99782975630596,2.10912694727243,2.9419924179283
"Florida",2001,5.44110686541746,2.02360266567773,3.13016484841993
"Florida",2000,3.57268486579406,1.60176414298298,1.93337937570992
"Georgia",2020,12.5303255821163,9.88793948693079,4.59383024321997
"Georgia",2019,8.49547013432544,5.64167029984583,3.82390340857664
"Georgia",2018,8.59358475589324,5.28543487198743,4.22074295532809
"Georgia",2017,10.1252433150622,5.74339085769153,5.40780040690822
"Georgia",2016,9.15582960108807,4.7233993810698,4.98527162601617
"Georgia",2015,8.58553127502482,4.38576740160903,4.77735377675269
"Georgia",2014,7.17020309204114,2.82252469783388,4.21893165360432
"Georgia",2013,5.39422529667489,1.4911680319194,3.46271234257794
"Georgia",2012,5.55446627980296,1.04839290943649,3.49800326513907
"Georgia",2011,5.59335969378139,1.20221574474718,3.6881533864278
"Georgia",2010,5.67732968965755,1.18707802601931,3.56123407805792
"Georgia",2009,5.23862454507639,1.09138011355758,2.97271154740446
"Georgia",2008,4.38723711690977,0.883759994773191,2.34617236707645
"Georgia",2007,4.32086116046352,0.844920870486679,1.90374575881809
"Georgia",2006,3.75717590562411,0.677165424850857,1.72567963107154
"Georgia",2005,3.49543722205953,0.582572870343254,1.77012525988912
"Georgia",2004,3.06753643298197,0.444735765376568,1.61929432521725
"Georgia",2003,2.86450109610656,0.47548398761283,1.69318688271886
"Georgia",2002,2.62098366574772,0.470131599237259,1.71598033721599
"Georgia",2001,2.37554133095731,0.465558351293142,1.52798638373134
"Georgia",2000,1.63685053832227,0.19544484039669,1.25817616005369
"Hawaii",2020,5.25939477159301,3.83793672521652,1.99004126492709
"Hawaii",2019,3.95515978845545,2.47197486778466,1.83632418749717
"Hawaii",2018,4.29428979134679,2.04154760572225,2.18234399232378
"Hawaii",2017,3.85278710619262,1.26091214384486,2.66192563700581
"Hawaii",2016,5.74005797458554,2.17002191722136,3.36003393634276
"Hawaii",2015,4.5403648916634,1.95584949179347,2.72421893499804
"Hawaii",2014,4.36754743191733,1.54977489519647,2.67688390988482
"Hawaii",2013,4.98556323332293,1.28200197428304,3.27622726761221
"Hawaii",2012,4.5966675596651,0.718229306197672,3.30385480850929
"Hawaii",2011,5.67351124882711,0.800110560732028,4.00055280366014
"Hawaii",2010,5.66051190141006,0.73513141576754,4.11673592829822
"Hawaii",2009,4.3810243726039,0.782735094609224,3.04444066570779
"Hawaii",2008,4.35365816127001,0.830338773450908,3.37783822857156
"Hawaii",2007,6.23254223117411,0.877942452292593,4.40838352936705
"Hawaii",2006,5.1155542626692,0.925546131134277,3.58852313948437
"Hawaii",2005,5.80168001181996,0.973149809975961,3.94514240803757
"Hawaii",2004,5.02524794494841,1.02075348881765,3.21929946473257
"Hawaii",2003,3.75653196968559,1.02075348881765,2.79741742423395
"Hawaii",2002,3.87217623564774,1.02075348881765,2.42011014727984
"Hawaii",2001,3.18121160114458,1.02075348881765,2.52865537526877
"Hawaii",2000,2.55873324545598,1.02075348881765,2.22857411701005
"Idaho",2020,8.86741733185981,5.03581725019199,4.92634296214434
"Idaho",2019,7.94598965342615,3.80512180586604,4.75640225733255
"Idaho",2018,7.18272861599081,3.13531804666265,4.5034568306609
"Idaho",2017,6.29024958894966,2.73742343222809,3.72755531197017
"Idaho",2016,7.24835723706881,2.73298715496037,4.3965445536319
"Idaho",2015,5.4987220003263,1.87319101110017,3.32340340679062
"Idaho",2014,4.89457094191123,1.40718914579948,3.12028897546841
"Idaho",2013,5.02439000183607,1.36464913630116,3.72177037173042
"Idaho",2012,3.82270662669327,0.75200786098884,2.38135822646466
"Idaho",2011,5.04736637886163,0.630920797357704,3.4069723057316
"Idaho",2010,5.16719380549152,0.956887741757688,3.3810033542105
"Idaho",2009,4.24590479266153,0.771982689574824,2.63760752271398
"Idaho",2008,4.88815892382293,0.651754523176391,3.64982532978779
"Idaho",2007,4.25219502958265,0.930167662721206,2.5247407988147
"Idaho",2006,4.83430916019879,1.02133292116876,2.31502128798252
"Idaho",2005,3.64084212678393,0.941762263004551,2.45056681610457
"Idaho",2004,3.44876641936137,0.862191604840344,1.72438320968069
"Idaho",2003,4.03409174258094,0.878732727094814,2.42045504554856
"Idaho",2002,3.35727693505982,0.895273849349285,2.01436616103589
"Idaho",2001,3.86374759273373,1.06063659408377,2.50007197176888
"Idaho",2000,2.24119423193887,1.06063659408377,1.70021631388466
"Illinois",2020,23.9443322081457,21.0446370336357,4.71895598262725
"Illinois",2019,18.0005699259799,15.5384139343509,3.90630517902676
"Illinois",2018,17.384711500124,14.8809990989775,3.67315800544381
"Illinois",2017,17.5831585367406,14.3883509660934,4.53053396326502
"Illinois",2016,15.7168602931257,12.5375550549039,4.06201160657324
"Illinois",2015,11.1975160176967,8.23483990468115,3.13374927439707
"Illinois",2014,9.80545907094246,6.56802721616573,3.11321384596035
"Illinois",2013,8.84170209363588,5.3252042460353,3.55531128962707
"Illinois",2012,9.35127110103839,2.79606112655633,6.3688058993783
"Illinois",2011,7.42078583091471,2.01254819916954,5.26059896076362
"Illinois",2010,7.17813432728801,2.10433905360235,4.97247524517888
"Illinois",2009,7.29089775566944,1.82858528920327,5.23569292207773
"Illinois",2008,7.0212389733207,1.50623227137159,5.21689823157348
"Illinois",2007,5.82079237446268,1.3311419638487,4.0091790508816
"Illinois",2006,7.34738458022035,3.52737731192495,3.81209835055566
"Illinois",2005,5.13088800127963,0.927842188793998,3.83032288194445
"Illinois",2004,4.56719910676706,0.611607532558371,3.61404451057219
"Illinois",2003,4.01401528479677,0.461930330393279,3.21758368067043
"Illinois",2002,4.88601064894844,0.74248201037942,3.95192037782594
"Illinois",2001,4.66831539074721,0.600555153183603,3.77148636199303
"Illinois",2000,5.06470054293751,0.483119288674484,4.29976166920291
"Indiana",2020,29.0157459274698,25.9661318146847,7.15030881784078
"Indiana",2019,19.2507106497872,15.299561704692,6.09011679507158
"Indiana",2018,17.0654635365439,13.1203826489365,5.99233877246417
"Indiana",2017,18.16458766386,13.0047047932012,7.84482192254236
"Indiana",2016,12.4829396056386,8.45764386324065,5.14092077961687
"Indiana",2015,8.5200493075194,5.07577405554347,3.74640466004399
"Indiana",2014,7.41262313632784,3.86547832262495,3.39555742850191
"Indiana",2013,5.88960237118131,2.99806632331452,2.69369410774959
"Indiana",2012,6.07281194444096,2.49337115099213,3.13583488314961
"Indiana",2011,5.75425024267591,1.70325807183207,3.59065215142977
"Indiana",2010,4.62691488728373,1.68111240904642,2.60649538650317
"Indiana",2009,5.24822640136547,2.02807568902323,2.72474291044343
"Indiana",2008,5.04295382615444,1.75880797023288,2.52147691307722
"Indiana",2007,3.93441656756169,1.08157268191935,1.91234590136465
"Indiana",2006,2.96873245704142,0.963258935529395,1.42120170815812
"Indiana",2005,2.69167599993374,0.684864307675449,1.43343692304164
"Indiana",2004,2.40654310190892,0.529439482419962,1.37975137842778
"Indiana",2003,2.25928963415323,0.532546842336118,1.1780581663799
"Indiana",2002,1.20208571618399,0.243666023550809,0.763486873792533
"Indiana",2001,1.27289580531875,0.375341070799117,0.701724610624437
"Indiana",2000,0.772964656602228,0.263136904375227,0.476935639180098
"Iowa",2020,7.42833787620975,5.9426703009678,1.89659690456419
"Iowa",2019,5.51493310766481,3.70831708963668,2.15526121448969
"Iowa",2018,4.78431757729762,3.13673801425473,1.96442178670498
"Iowa",2017,6.80291355436021,4.06903240634629,3.43324609285468
"Iowa",2016,6.22070486647337,3.28580821152183,3.19010505972993
"Iowa",2015,5.85806391307786,2.88101503921862,3.13710526492694
"Iowa",2014,5.47129405115853,2.22070170311729,3.44369684396449
"Iowa",2013,6.14803961667297,2.20035102070401,4.01240480246025
"Iowa",2012,6.01785318129742,1.6915046779863,3.96853020604479
"Iowa",2011,5.97588290404397,1.50213450047007,3.95126683819301
"Iowa",2010,5.35065676849875,1.7397841026407,3.21695928412808
"Iowa",2009,4.87986626528668,1.51671519056207,3.09937451984424
"Iowa",2008,4.57448353086484,1.19334352979083,3.18224941277554
"Iowa",2007,3.7343142132,0.766868097353572,2.23392010968214
"Iowa",2006,3.3862572938641,0.670545998784971,2.11221989617266
"Iowa",2005,2.49624382769981,0.404796296383752,1.45052006204178
"Iowa",2004,2.20067814743528,0.643275150788774,1.35426347534479
"Iowa",2003,1.46159125139064,0.475866919057416,0.849762355459672
"Iowa",2002,1.39729823865445,0.511206672678457,0.852011121130762
"Iowa",2001,0.989086960184475,0.511206672678457,0.57980959734952
"Iowa",2000,0.649278753822202,0.511206672678457,0.341725659906422
"Kansas",2020,9.54078944884781,6.86387730132936,3.19170294511815
"Kansas",2019,6.8307089452081,3.87874427541968,2.84898915805162
"Kansas",2018,5.77021162594603,2.88510581297302,2.95379880851999
"Kansas",2017,5.45805995833338,1.88800816168765,3.15812274318661
"Kansas",2016,5.6409940669813,2.13257092776122,3.61161205507949
"Kansas",2015,5.73559721133203,2.02634871538078,3.22841998721683
"Kansas",2014,6.47378238655988,2.16940579975145,3.54680630753015
"Kansas",2013,5.90886457538934,1.83140247073471,3.45547635987681
"Kansas",2012,6.37581625174772,2.11372169215549,3.53441987868624
"Kansas",2011,4.56249185891243,1.11450182813128,2.99522366310281
"Kansas",2010,3.89048051990839,0.981382473490406,2.24315993940664
"Kansas",2009,5.64831341361469,1.69449402408441,2.68294887146698
"Kansas",2008,3.66799189195734,0.961512437697555,2.10108273422799
"Kansas",2007,4.59805624356766,0.754368602460319,2.44271737939532
"Kansas",2006,4.59656792008197,0.79625586017168,2.60592826965277
"Kansas",2005,4.07970133672143,0.728518095843112,2.14912838273718
"Kansas",2004,4.31543172785863,0.877714927700061,2.56000187245851
"Kansas",2003,2.86448348955786,0.367241473020238,1.79948321779917
"Kansas",2002,3.20614991146235,0.663341360992211,1.76891029597923
"Kansas",2001,1.73934797395567,0.444088844414213,0.99919989993198
"Kansas",2000,0.855521723184415,0.444088844414213,0.446359159922304
"Kentucky",2020,38.9524732922054,34.5077816722806,11.2792425530755
"Kentucky",2019,23.7931469022017,19.4508416350078,8.48316338281696
"Kentucky",2018,22.6479175329346,17.9706302163503,7.49708732562558
"Kentucky",2017,26.7164235734047,20.6098124709122,10.4396108921287
"Kentucky",2016,22.8083373939086,15.2581466558064,10.7280322129451
"Kentucky",2015,20.5871425950014,12.7680961209394,9.988492894611
"Kentucky",2014,17.265377231499,8.99521622166025,9.92419321180653
"Kentucky",2013,15.6758533841301,6.55246121136351,10.2382206427555
"Kentucky",2012,16.2769965859399,4.99952630059024,11.6883902552612
"Kentucky",2011,16.180874252407,3.1125868434616,13.1369474128453
"Kentucky",2010,14.379977540503,2.02794555058376,11.4532833936378
"Kentucky",2009,10.5395459980533,2.10790919961066,7.85254086448368
"Kentucky",2008,8.78812870669049,1.32870911480466,5.92091430105938
"Kentucky",2007,8.36334112658903,0.98668631268747,5.12137181347306
"Kentucky",2006,8.129428079329,1.30355260747258,4.74019129990029
"Kentucky",2005,7.02888201089142,0.741140620196034,3.89696519651463
"Kentucky",2004,5.71621385972025,0.795928512112947,2.87016645277093
"Kentucky",2003,5.87782384501976,0.728655848556168,2.91462339422467
"Kentucky",2002,4.52336562853388,0.904673125706776,2.61621687704392
"Kentucky",2001,3.66261468408596,0.540788745301283,2.6301998066926
"Kentucky",2000,2.32571430974902,0.540788745301283,1.88036476107368
"Louisiana",2020,20.9888752503058,17.329276488714,6.60880482240398
"Louisiana",2019,12.497865037685,9.44330938303569,4.58183348197403
"Louisiana",2018,9.97858788174536,7.44638708594762,3.54078924836126
"Louisiana",2017,9.32896956727884,6.27624039537753,4.16281250713816
"Louisiana",2016,7.66821041911149,4.69918187243601,3.46030665152106
"Louisiana",2015,6.33734727207174,3.51123294803975,3.25431346403684
"Louisiana",2014,5.72082872010867,2.94644185960484,3.01096248426772
"Louisiana",2013,5.83724464757095,3.15643599461244,2.91862232378547
"Louisiana",2012,3.91143383820528,1.56457353528211,2.28166973895308
"Louisiana",2011,2.64490355501268,0.808772161450159,1.72683785823142
"Louisiana",2010,2.86762259968959,0.816169509142422,1.85292537210712
"Louisiana",2009,2.91652417998917,0.690169844119575,1.98145535892394
"Louisiana",2008,3.17883589676764,0.56362338595171,1.7810498996074
"Louisiana",2007,5.21073658561,0.617060911453816,2.62822240063662
"Louisiana",2006,4.71800616594599,0.674000880849427,1.95227841349489
"Louisiana",2005,4.04227741472543,0.39330266737869,1.79171215139181
"Louisiana",2004,3.47082028663703,0.307541038056446,1.82327901133464
"Louisiana",2003,2.89756211068156,0.309663126332381,1.63679081061401
"Louisiana",2002,2.33475130562628,0.222357267202503,1.44532223681627
"Louisiana",2001,1.94288585545599,0.290316277252045,1.42924936493314
"Louisiana",2000,1.18595400825603,0.290316277252045,0.962189101037911
"Maine",2020,31.7744591120483,27.7748768461961,5.92530706052183
"Maine",2019,24.1777338693599,21.5739779141981,3.86843741909758
"Maine",2018,21.4434505575297,18.2306687666803,4.40823548046778
"Maine",2017,27.2474056951569,22.6812195759136,5.76387428166781
"Maine",2016,22.9819621638794,16.598083785024,10.2142054061686
"Maine",2015,18.5055907947474,11.8104786779486,8.42530963012891
"Maine",2014,13.0818313661717,6.766464499744,6.69128156085796
"Maine",2013,10.0880673220397,3.16193154869902,5.57102225246969
"Maine",2012,8.05000331028173,2.18177659811374,5.19112362999476
"Maine",2011,7.1526018906962,1.6563920167928,3.9903989495463
"Maine",2010,6.85054740390602,1.65617629544981,4.14044073862452
"Maine",2009,8.95012748290826,1.50422310637114,6.39294820207733
"Maine",2008,8.1171942467131,1.65350253173785,3.75796029940421
"Maine",2007,8.1384133108271,0.904268145647456,4.8227634434531
"Maine",2006,7.32839283812034,0.86918398308217,3.77752208150533
"Maine",2005,9.4025797949176,0.834099820516884,4.09467184617379
"Maine",2004,7.99276540548441,0.914557397746129,3.12098458690344
"Maine",2003,7.04164443828726,0.995014974975374,3.44428260568398
"Maine",2002,7.71628753973888,1.31176888175561,3.24084076669033
"Maine",2001,4.74452668290695,0.777791259492942,2.95560678607318
"Maine",2000,3.29431659794356,0.777791259492942,1.41184997054724
"Maryland",2020,42.0918649585967,39.1195088610889,7.99233528440989
"Maryland",2019,35.463339111564,32.4198435907954,8.86583477789099
"Maryland",2018,35.1331966840088,31.3600601583592,9.38319478089164
"Maryland",2017,33.2442359170923,28.1221120928882,10.9712587718436
"Maryland",2016,30.6991817596,23.0534732542313,13.5295798334133
"Maryland",2015,18.3137955657639,11.171415295116,8.6574306310884
"Maryland",2014,15.5946541124124,8.48335797746037,7.91445428666421
"Maryland",2013,12.8018858409119,5.07690070897822,7.23584851877627
"Maryland",2012,11.3347414242995,3.84055706430537,6.54254190158216
"Maryland",2011,9.64262410460428,2.76238875594536,5.42183134707287
"Maryland",2010,9.04122799967853,2.52877258228557,4.97094336380793
"Maryland",2009,10.3657902396836,3.64722249174052,5.77622318069911
"Maryland",2008,9.37560741359006,2.53299712487236,5.10117476536795
"Maryland",2007,10.9668362870679,2.95397041925861,5.66030259977698
"Maryland",2006,10.3778552207453,2.91432920582574,5.84642871168701
"Maryland",2005,9.06590915959022,1.82391071849744,5.48961363312465
"Maryland",2004,8.88779118558267,1.6405456346613,6.29176292853621
"Maryland",2003,10.3342831291554,0.727766417546157,8.86055613362446
"Maryland",2002,10.3117626331499,0.661717388223526,9.1905192808823
"Maryland",2001,9.30286038769485,0.186057207753897,8.72608304365777
"Maryland",2000,9.38357998114221,0.245445754033901,8.85492758783843
"Massachusetts",2020,30.5211781290808,28.7224014712833,4.3953978009085
"Massachusetts",2019,28.9590008158139,27.5081490715347,4.14943598863867
"Massachusetts",2018,29.121364954596,27.0205699703092,5.34616102897808
"Massachusetts",2017,28.2806295618004,25.6566536230766,6.77860450836968
"Massachusetts",2016,29.7279168921951,25.9550405261239,9.23400480256332
"Massachusetts",2015,23.298523406406,18.8684188294457,10.243696962008
"Massachusetts",2014,17.2117090619278,11.6523715096255,9.35451198800725
"Massachusetts",2013,13.5966521755241,5.64784013444848,8.93494285820156
"Massachusetts",2012,10.7129788340427,4.75463667353581,6.48496331105676
"Massachusetts",2011,10.1555422239818,3.12711763548617,7.11950568467482
"Massachusetts",2010,8.81235024159127,2.18399668032505,6.10908162328684
"Massachusetts",2009,9.75817373630499,1.96390917963371,7.05779861430864
"Massachusetts",2008,9.46055220253867,1.7622597240023,7.09541415190401
"Massachusetts",2007,10.261897620779,2.22341115116879,7.09003835617461
"Massachusetts",2006,10.4522811245531,1.93445202902177,7.16059259129834
"Massachusetts",2005,9.04222673032144,0.905784370222183,7.01202038327172
"Massachusetts",2004,7.28289979805938,0.748563576674197,5.83255786825312
"Massachusetts",2003,9.26421141708959,0.762935057877966,8.03417326255164
"Massachusetts",2002,7.6513049448623,0.576574914378625,6.79423412619137
"Massachusetts",2001,8.11237404327913,0.500184912109696,7.28394278259744
"Massachusetts",2000,5.02433653163592,0.393756781476169,4.56757866512356
"Michigan",2020,22.3547655132591,19.886510434147,4.28432893813359
"Michigan",2019,18.1538596176955,15.4503063376195,3.97522463774138
"Michigan",2018,20.4383490655933,16.9269146446323,5.00204333470223
"Michigan",2017,20.8184627040854,16.6628004285351,5.8520558131542
"Michigan",2016,18.0796309539397,13.2046775379471,6.43614717524652
"Michigan",2015,13.4239334624396,9.25162981870837,4.42425434685509
"Michigan",2014,10.857854239765,6.70038588773604,3.86483101657064
"Michigan",2013,9.43851735646329,5.08305592109319,3.64807790758378
"Michigan",2012,7.08261158148646,3.38953554256852,3.24788331093879
"Michigan",2011,7.65477607906776,3.63500610103879,3.13886320702514
"Michigan",2010,7.33535418125306,3.06567216126852,3.30849767899276
"Michigan",2009,7.54424213240074,3.45399037387022,2.82782837626802
"Michigan",2008,6.59502684708757,2.91548442935274,2.76468351059311
"Michigan",2007,5.22932855421364,1.84976249049622,2.18971884010093
"Michigan",2006,6.38695522684602,3.36784846595001,2.16219857133477
"Michigan",2005,5.24318790998471,2.55692465439482,1.95002814109488
"Michigan",2004,3.87854582377578,1.62103325455244,1.48180340446818
"Michigan",2003,2.76860662999624,1.14528691528621,1.2548360984875
"Michigan",2002,2.47611003114108,1.17814912772035,1.03836872273658
"Michigan",2001,2.11187534530663,1.06094211659954,0.970862125567504
"Michigan",2000,1.97213970315675,1.16718472227644,0.694273671009265
"Minnesota",2020,12.4616825357208,10.5173065372396,3.11100159757002
"Minnesota",2019,7.71326923458836,6.01103050695506,2.09233510271592
"Minnesota",2018,6.27319142732748,4.437570072172,2.22769581936345
"Minnesota",2017,7.81837554957262,4.68026609733591,3.12017739822394
"Minnesota",2016,7.31890422235556,4.03989020194379,2.80799543184433
"Minnesota",2015,6.30283405293725,2.9692541925687,2.76887507527879
"Minnesota",2014,6.06541152351226,2.69370239865953,2.36386128861958
"Minnesota",2013,5.79295178566816,2.28766248860781,2.52749807209089
"Minnesota",2012,5.53992005040212,1.63594954508519,3.25330875443077
"Minnesota",2011,5.51932033405546,1.42192659453632,3.23675395861557
"Minnesota",2010,4.56265878571058,0.999259981994466,2.69611655519262
"Minnesota",2009,5.26395217150335,1.07929954595572,3.14322323909912
"Minnesota",2008,4.45967595308421,0.781396214001934,2.82064974810454
"Minnesota",2007,3.55277103658144,0.652941704020373,2.09325428641826
"Minnesota",2006,3.64090244027613,0.619728074940617,2.01411624355701
"Minnesota",2005,3.16431094785177,0.449254023460436,2.20720455004475
"Minnesota",2004,2.9286243150901,0.373448738165852,2.10310605177611
"Minnesota",2003,2.41413400264209,0.395759672564277,1.58303869025711
"Minnesota",2002,2.23154912346942,0.259019094688415,1.75336002558312
"Minnesota",2001,2.22766494955844,0.401381071992512,1.70586955596818
"Minnesota",2000,1.40258755042963,0.223600913836608,1.05702250177305
"Mississippi",2020,13.7859623174708,11.729865248117,4.11219413870768
"Mississippi",2019,8.36651659577528,6.11528522261486,3.39364729386869
"Mississippi",2018,5.92661048105996,3.31488382838947,3.31488382838947
"Mississippi",2017,6.40058979256727,3.51864883884588,3.61918166281291
"Mississippi",2016,6.15646934513234,2.57634858464777,3.84779334070771
"Mississippi",2015,5.24674225762975,2.37273057510645,3.04110538499559
"Mississippi",2014,3.90771252194748,1.53636560691952,2.57174242897398
"Mississippi",2013,3.44342601498325,1.20352753921745,2.10617319363053
"Mississippi",2012,3.75218682138184,0.971548373393511,2.41212009945975
"Mississippi",2011,2.82020015363376,0.738623849761223,1.91370724710862
"Mississippi",2010,3.53857399512081,0.90991902731678,2.12314439707249
"Mississippi",2009,3.31218268106993,1.2505179510162,1.82508025283445
"Mississippi",2008,3.59589470948902,1.25517079482164,2.20502977468667
"Mississippi",2007,3.34659449860843,0.88787200983489,1.77574401966978
"Mississippi",2006,2.37523313429568,0.481931360581732,1.17040473284135
"Mississippi",2005,1.51413843974228,0.481931360581732,0.75706921987114
"Mississippi",2004,0.969190137798069,0.481931360581732,0.692278669855764
"Mississippi",2003,1.08077503423616,0.481931360581732,0.557819372508988
"Mississippi",2002,0.944491532983218,0.481931360581732,0.734604525653614
"Mississippi",2001,0.911323332611285,0.481931360581732,0.665967050754401
"Mississippi",2000,0.492150550259469,0.481931360581732,0.665967050754401
"Missouri",2020,23.2136691447421,20.8077706619537,3.91771306994597
"Missouri",2019,18.5256755761534,15.7720791184842,4.22000877240434
"Missouri",2018,19.342353453516,16.0125305805057,4.40711850839605
"Missouri",2017,16.0954420456129,12.4968676045206,4.51457520791582
"Missouri",2016,15.4275397997702,11.6034794025931,4.43131462333826
"Missouri",2015,11.76920780739,7.44616080551351,4.76685791081439
"Missouri",2014,11.9731070163232,7.2894122606265,4.81562981923742
"Missouri",2013,10.6548937811323,5.95615180311742,4.7814663086137
"Missouri",2012,9.23283141713335,4.51678083715876,4.23448203483634
"Missouri",2011,10.2151367697009,5.29057572111545,4.72491668175091
"Missouri",2010,10.2188589041075,4.60850499597006,5.12612693392322
"Missouri",2009,9.1929526958837,3.97578428635846,4.57970088681798
"Missouri",2008,8.27155550483835,2.98788841705385,4.74348387114199
"Missouri",2007,6.89583484781266,2.39485890034873,3.60078075797114
"Missouri",2006,7.15422174390488,3.25191897450222,2.99518852914678
"Missouri",2005,5.28470027459717,1.7097559711932,2.57326908795745
"Missouri",2004,4.94107163144616,1.80940651292395,2.81849860666999
"Missouri",2003,4.8516456098825,1.38368232195205,2.7673646439041
"Missouri",2002,3.48909437735965,1.55070861215985,1.6916821223562
"Missouri",2001,2.42858626852506,1.06361442417156,1.18770277365824
"Missouri",2000,2.46639492237201,1.35830445000197,1.12596289934374
"Montana",2020,8.14379724906231,5.18241643122147,4.90478697954889
"Montana",2019,6.83023041267691,4.11685120764088,2.71337920503603
"Montana",2018,6.02463510950245,3.1064524783372,3.20058740192318
"Montana",2017,3.61734918747674,1.33270759538617,2.57022179110189
"Montana",2016,4.12462111038637,2.0143498446073,1.63066415992019
"Montana",2015,4.74369983416413,1.35534280976118,3.00111622161404
"Montana",2014,5.27560647492768,1.6608390754402,2.63780323746384
"Montana",2013,6.69841848369477,1.28058000423576,4.62978924608315
"Montana",2012,5.27289206190972,1.59181647151992,2.78567882515985
"Montana",2011,6.31136677155557,1.5027063741799,3.4061344481411
"Montana",2010,5.55884032483841,1.01069824087971,3.43637401899102
"Montana",2009,9.55302027882624,2.1341853814399,4.57325438879979
"Montana",2008,7.16908281826887,1.94589390781584,2.97004859613996
"Montana",2007,6.42682848453311,1.14024376338491,2.79878014649023
"Montana",2006,5.45821734621473,1.15442392646511,1.9943486457323
"Montana",2005,4.99945750567492,1.16860408954531,2.8720287798558
"Montana",2004,4.9461886927976,1.18278425262551,1.72041345836438
"Montana",2003,5.00201167860988,1.18278425262551,2.06604830203451
"Montana",2002,2.30347264955296,1.18278425262551,1.09689173788236
"Montana",2001,2.3154248087845,1.18278425262551,1.6538748634175
"Montana",2000,1.4409301758489,1.18278425262551,1.6538748634175
"Nebraska",2020,5.52243243020058,4.23214447921914,1.80640313137402
"Nebraska",2019,3.77376437649141,2.01612069428993,2.171206901543
"Nebraska",2018,3.42098661253906,1.86599269774858,2.02149208922762
"Nebraska",2017,3.17695757876251,1.56243815348976,1.82284451240472
"Nebraska",2016,2.46445418107761,0.996268711499458,1.41575027423607
"Nebraska",2015,3.16423987047711,1.05474662349237,1.89854392228627
"Nebraska",2014,3.18893990602194,0.903532973372883,1.96651294204686
"Nebraska",2013,2.2477730990797,0.80207165638235,1.81962584211214
"Nebraska",2012,3.23358618180838,0.700610339391816,1.83236550302475
"Nebraska",2011,2.93057627611673,0.925225187370592,1.84517765533275
"Nebraska",2010,3.34001153125293,1.14984003534937,1.9711543463132
"Nebraska",2009,3.75134538140425,0.717168969974342,2.20667375376721
"Nebraska",2008,1.67002713237414,0.697374249980358,0.89068113726621
"Nebraska",2007,2.29892791459202,0.677579529986374,1.45785672632665
"Nebraska",2006,1.9179857990075,0.657784809992391,1.07181559356301
"Nebraska",2005,2.44110549152227,0.637990089998407,1.53278716909538
"Nebraska",2004,1.48624933547506,0.618195370004423,1.1432687195962
"Nebraska",2003,0.805225684628759,0.598400650010439,0.632677323636882
"Nebraska",2002,1.44651482504114,0.578605930016456,0.694327116019747
"Nebraska",2001,1.86064252638042,0.755886026342047,1.10475650003838
"Nebraska",2000,0.934981940239461,0.755886026342047,1.10475650003838
"Nevada",2020,18.6090440591423,13.3513518164052,7.45636354424539
"Nevada",2019,12.8889575722788,7.69441547765763,6.16851873736265
"Nevada",2018,13.1492569186842,6.1956398514101,7.94228300100976
"Nevada",2017,15.0098114133939,5.4035321088218,9.40614848572684
"Nevada",2016,15.4758851696123,5.03391429692884,9.99980272498026
"Nevada",2015,16.4657738481309,4.15103542389855,11.8650429199767
"Nevada",2014,14.5468685664008,3.41657687879148,10.2497306363744
"Nevada",2013,15.8773622504423,2.79556265357674,11.3614533485106
"Nevada",2012,17.8692399338729,2.71844420900704,13.8821884273293
"Nevada",2011,19.5349650169903,3.34150717395886,14.7981031989607
"Nevada",2010,19.2553297456704,2.4069162182088,14.9228805528946
"Nevada",2009,18.5498004406509,2.53290447783988,12.7762681749865
"Nevada",2008,16.4680079739828,2.18568526885813,11.2675844032514
"Nevada",2007,15.9165144217461,2.7680894646515,9.64986743927119
"Nevada",2006,14.9841952416856,2.53700660176687,9.94982276630443
"Nevada",2005,15.0073412624175,3.24816427323558,9.33333278511995
"Nevada",2004,14.0651651889719,2.30157248546813,8.60958596415855
"Nevada",2003,12.7620783956244,2.40122729395024,8.93790159414812
"Nevada",2002,12.4206972979463,2.99016786802411,8.18845970012756
"Nevada",2001,9.76935273034347,2.28745820027554,6.05223315489571
"Nevada",2000,10.1588534407736,2.85248594149802,6.70584414317077
"New Hampshire",2020,25.3975224607052,23.6409214835959,2.26894292876617
"New Hampshire",2019,27.4322999519751,25.8143090700892,2.86825656334324
"New Hampshire",2018,31.0367147379425,29.2674008336417,2.87513509448873
"New Hampshire",2017,32.0227584999944,28.6715395872043,4.31934882092948
"New Hampshire",2016,33.3384527212044,28.6186268303372,5.84359396012122
"New Hampshire",2015,29.0092949989779,24.7255390017195,5.33590659307625
"New Hampshire",2014,22.7613084888375,16.3549799406548,6.8585399751133
"New Hampshire",2013,12.165091627319,7.3292788065214,5.36472984807236
"New Hampshire",2012,10.1459963444127,4.77013260968655,5.22443095346622
"New Hampshire",2011,11.986096128491,5.38615712103074,5.68960259263811
"New Hampshire",2010,9.0393248611818,2.65862495917112,5.39321063146141
"New Hampshire",2009,9.64970800135552,3.49516982726263,4.25498935492842
"New Hampshire",2008,7.14336738338453,1.89983175090014,4.40760966208833
"New Hampshire",2007,11.2758468313347,1.90470385664437,5.86648787846466
"New Hampshire",2006,8.25442586264482,1.37573764377414,4.73865188411092
"New Hampshire",2005,8.54837765654313,1.30921099244354,4.23568262261146
"New Hampshire",2004,7.13111405829376,1.31770585859776,4.18565390378112
"New Hampshire",2003,7.73534191773972,0.937617202150269,4.53181647705963
"New Hampshire",2002,6.54012445147661,0.937617202150269,3.86103732677535
"New Hampshire",2001,4.22136856768964,0.937617202150269,3.10629007811125
"New Hampshire",2000,2.34668462015268,0.937617202150269,1.78024350494341
"New Jersey",2020,29.0575568167553,26.8734552970147,4.36820303948124
"New Jersey",2019,28.6415850145066,26.3786295947283,5.12261052735868
"New Jersey",2018,29.3875974909413,27.0639792019325,5.70240623582817
"New Jersey",2017,22.2860241866101,19.6210287681814,5.87409406811995
"New Jersey",2016,16.3788370220748,13.4943728912247,4.87452077926593
"New Jersey",2015,9.8124438979939,7.3007261766644,3.48291524024357
"New Jersey",2014,8.46929043121219,5.77299057134146,3.26688613727075
"New Jersey",2013,7.98935741182575,5.01160816550533,3.35980009301814
"New Jersey",2012,7.05052348726788,3.88060812739224,3.10223033439787
"New Jersey",2011,5.41879153013409,1.91584888826917,3.41225157023088
"New Jersey",2010,4.36765957369368,1.52413120540352,2.66154255271958
"New Jersey",2009,0.651011775089823,0.239846443454145,0.365480294787269
"New Jersey",2008,3.98342802106281,1.57270789304209,2.12372963658968
"New Jersey",2007,4.01019372808006,1.55567860141037,2.10880877080072
"New Jersey",2006,4.3525048665507,1.63940501604827,2.49374284131287
"New Jersey",2005,5.24735742386651,2.27693703194207,2.62367871193325
"New Jersey",2004,3.77552489350646,1.66771651737708,1.86459971734521
"New Jersey",2003,5.41772143657511,2.88325089328461,2.42983643829227
"New Jersey",2002,5.90460749969337,3.2036880295366,2.60738113352796
"New Jersey",2001,4.93366574544098,2.76709176653611,2.15479912032387
"New Jersey",2000,4.31405872111334,2.75719455454075,1.69947767801434
"New Mexico",2020,27.0139518278096,21.4117614663306,8.49823792122656
"New Mexico",2019,19.5533350597497,14.4027004586449,7.01058598483711
"New Mexico",2018,17.1325380781396,10.9762778773597,7.25388798851595
"New Mexico",2017,17.0971279698478,9.67400518181862,8.23727173897427
"New Mexico",2016,17.6836783973205,10.8600851027023,8.26519751179112
"New Mexico",2015,18.0326304284332,9.83162031337451,8.96835609073674
"New Mexico",2014,19.946566217805,9.87738615593228,11.6994282623664
"New Mexico",2013,16.7842603919748,5.56278344419737,11.6051171853083
"New Mexico",2012,16.2547985220121,6.76084540296077,9.78164866811346
"New Mexico",2011,12.1984954548598,4.2262503938097,7.63606605245161
"New Mexico",2010,9.76117180682204,2.13677392786154,7.09020439699511
"New Mexico",2009,10.4084736758899,3.68224304571578,6.67713405623129
"New Mexico",2008,16.4125049361852,4.37666798298272,11.3892837284437
"New Mexico",2007,13.667860929515,2.46222494686117,9.44690387775304
"New Mexico",2006,12.8431399030751,2.29341783983483,8.96981199579846
"New Mexico",2005,11.3337963456528,3.1051496837405,7.29710175679019
"New Mexico",2004,10.0850505933371,2.62631525868155,5.7778935690994
"New Mexico",2003,12.1433296370742,2.76953132073623,8.25533374450221
"New Mexico",2002,11.0493723686998,2.20987447373995,7.92320847901886
"New Mexico",2001,8.46213060070208,2.07458685694632,5.40484470625488
"New Mexico",2000,10.4450354746389,3.29843225514913,6.4319428975408
"New York",2020,22.3149919097165,20.0240205502717,5.36800964131766
"New York",2019,15.498447816315,13.2726342493284,4.08151494731479
"New York",2018,15.6839996952238,12.9258672855254,4.52354183705639
"New York",2017,16.6251885006695,13.6477683782768,4.88175989610567
"New York",2016,15.6391734757592,11.8357345896533,5.57094910082096
"New York",2015,11.2347114596229,7.49149149937984,4.4150799531072
"New York",2014,9.04983012704148,5.34785708682474,3.86402931557507
"New York",2013,8.81374386313823,4.422138231563,4.2491201649656
"New York",2012,8.05303516391529,3.48998922395567,4.15426242910097
"New York",2011,7.27965917837872,2.54300020698481,4.17668518844171
"New York",2010,5.75391748892642,1.94549497159216,3.33882028281201
"New York",2009,5.73365212508208,2.24270223140067,3.18536229171227
"New York",2008,6.07939565810395,1.80091686447257,3.7267528178103
"New York",2007,5.56126578381572,1.62029360242751,3.2039999299615
"New York",2006,5.52222128760299,1.33475490837797,3.31333277256179
"New York",2005,3.02624681107282,0.292693992089945,2.23701836811601
"New York",2004,2.68105366660952,0.266018943574096,1.95080558621004
"New York",2003,3.20192925102651,0.422404347448122,2.42491384646144
"New York",2002,3.06200294704721,0.402345097137602,2.18938435974877
"New York",2001,3.42192288170135,0.482108583639394,2.58347317102414
"New York",2000,2.74550723562359,0.242405629248916,2.2712353523105
"North Carolina",2020,25.1678572503286,22.7435171778644,4.08458852675872
"North Carolina",2019,17.524649878853,14.8549534881681,3.78524809679251
"North Carolina",2018,17.3927782411144,14.1472819691013,4.54562089136544
"North Carolina",2017,19.1951676457468,14.9609394885967,6.13233043449313
"North Carolina",2016,15.20678267842,9.57938610720949,6.6030747858337
"North Carolina",2015,11.8393253197663,6.18353324102178,6.02421515429658
"North Carolina",2014,9.84516838556535,4.60580911193967,5.02817588639701
"North Carolina",2013,8.52959872299722,3.07674811079543,4.36634220343905
"North Carolina",2012,8.62380747149862,2.99423517440856,4.53236968181022
"North Carolina",2011,8.58497902065169,2.44397472723016,4.77403537819111
"North Carolina",2010,8.2533837037935,2.20230060711135,4.72970273241534
"North Carolina",2009,9.14327705632195,2.59271166527648,4.67746349409063
"North Carolina",2008,9.22718412228264,2.0624206652832,4.66193004548389
"North Carolina",2007,8.31319285061028,1.7986327539579,3.44372368745597
"North Carolina",2006,7.93964969099287,1.83912789452377,2.9044763700101
"North Carolina",2005,7.57000792725716,2.05619335201674,2.64203615063604
"North Carolina",2004,6.73435945017696,1.8823469990946,2.16294530951864
"North Carolina",2003,6.00771671027406,1.48411974068035,1.94716509977262
"North Carolina",2002,4.9482350954535,1.17700737707389,1.81355218304242
"North Carolina",2001,4.16558974397701,1.31544939283484,1.9244537413695
"North Carolina",2000,3.62763878109846,1.10568442300604,1.57777440136817
"North Dakota",2020,9.407964626053,5.35731318983574,4.9653146637502
"North Dakota",2019,5.64258551141508,1.83712086418165,3.80546464723343
"North Dakota",2018,4.99949347237188,1.71035303002196,3.15757482465592
"North Dakota",2017,4.76573121540708,2.11810276240315,3.44191698890511
"North Dakota",2016,7.25639618339948,3.29836190154522,4.08996875791607
"North Dakota",2015,4.75607291059772,1.32113136405492,3.4349415465428
"North Dakota",2014,4.59781306373921,1.62275755190796,3.11028530782358
"North Dakota",2013,1.93532422901521,1.62275755190796,2.96459873698247
"North Dakota",2012,1.69872894571305,1.62275755190796,2.81891216614136
"North Dakota",2011,1.46213366241088,1.62275755190796,2.67322559530025
"North Dakota",2010,2.6762177906038,1.62275755190796,2.52753902445914
"North Dakota",2009,2.70689717399935,1.62275755190796,2.40613082133276
"North Dakota",2008,4.86640945665018,1.62275755190796,3.95395768352827
"North Dakota",2007,2.45089779449835,1.62275755190796,1.99135445802991
"North Dakota",2006,2.30607390212273,1.62275755190796,1.99135445802991
"North Dakota",2005,2.16125000974712,1.62275755190796,1.99135445802991
"North Dakota",2004,2.01642611737151,1.62275755190796,1.99135445802991
"North Dakota",2003,1.565393532107,1.62275755190796,1.99135445802991
"North Dakota",2002,2.19377969437515,1.62275755190796,1.99135445802991
"North Dakota",2001,2.19377969437515,1.62275755190796,1.99135445802991
"North Dakota",2000,2.19377969437515,1.62275755190796,1.99135445802991
"Ohio",2020,38.4325374274676,36.320201703261,4.44702257727707
"Ohio",2019,30.3958388584237,28.0089998374554,4.36303907058713
"Ohio",2018,28.3931431457549,25.5529733583519,5.07295386725902
"Ohio",2017,37.5602269533184,33.0485394955779,8.61166199158064
"Ohio",2016,31.7537588985647,26.4672057630662,8.49809111520699
"Ohio",2015,23.7483815064689,18.9608180120538,7.23300959587884
"Ohio",2014,18.7594395559214,14.1364236469679,6.39114699353459
"Ohio",2013,14.640291326241,9.95608949694784,5.46202132124222
"Ohio",2012,12.1532627785754,7.15509269786408,5.2840272950328
"Ohio",2011,11.5461728681222,5.27503321581876,6.14987452090529
"Ohio",2010,10.3757602823178,4.71546666130398,5.52160342509308
"Ohio",2009,6.21048190563953,2.67154808231421,3.12258866763999
"Ohio",2008,7.49431782212172,3.01335838270711,3.63860853704403
"Ohio",2007,6.5649502263734,2.4172929310355,3.12161209439477
"Ohio",2006,5.87916973581102,2.14263074816224,2.74361254337847
"Ohio",2005,5.15557447580631,2.05874039981436,2.32044468792636
"Ohio",2004,4.86367265265143,1.91228781136564,2.04326642858247
"Ohio",2003,3.48060672397249,1.25056975258308,1.85399152131198
"Ohio",2002,4.0235314351323,1.63045064691636,2.21776351435397
"Ohio",2001,3.12626126200493,1.26455511721548,1.7651081844466
"Ohio",2000,2.37819669272113,0.995319356583289,1.36526106433991
"Oklahoma",2020,8.18934365425094,5.72751642076446,2.78839615221428
"Oklahoma",2019,6.9244884534155,3.71496278340175,3.15898195867496
"Oklahoma",2018,8.06476360225093,3.95629912563253,4.23526893577329
"Oklahoma",2017,10.2013196081065,4.12123136287595,6.20728674408476
"Oklahoma",2016,11.520147131649,3.8230576764322,7.62062830168819
"Oklahoma",2015,11.4283143006306,3.42593762032328,7.64444289907955
"Oklahoma",2014,12.9962189770067,2.57861487639023,9.85030882781067
"Oklahoma",2013,13.5304713486426,2.93463198156739,10.206286449168
"Oklahoma",2012,14.1028934523778,3.48640302819006,10.3281413015555
"Oklahoma",2011,12.9763671868818,2.61109827540915,9.83777431037993
"Oklahoma",2010,13.9416439570704,3.17219049883629,9.43660030746256
"Oklahoma",2009,15.6822786485373,4.76117207682864,9.76443764908925
"Oklahoma",2008,11.3383134694803,2.07142265307813,7.00467923475106
"Oklahoma",2007,13.7576220665654,1.95358233345229,8.14451226340673
"Oklahoma",2006,10.9624411186142,1.53029000386746,6.14898347008561
"Oklahoma",2005,8.98946823209285,1.60626861827364,5.07242721560098
"Oklahoma",2004,9.21924877022313,1.53181364182169,4.62380784475806
"Oklahoma",2003,7.47526599963708,1.42657748084677,4.19413779368951
"Oklahoma",2002,4.35644926456258,0.859825512742614,2.57947653822784
"Oklahoma",2001,4.90323324968994,0.865276455827637,3.02846759539673
"Oklahoma",2000,3.9412818555555,1.13022053210783,2.20248103692807
"Oregon",2020,12.0476047782074,9.9964470175341,3.84297373551429
"Oregon",2019,8.01377610789862,5.57170824069874,3.31931554765032
"Oregon",2018,8.37566304349642,5.51218849871132,4.03272665057235
"Oregon",2017,8.52085654643167,5.02078799336484,3.81386780265213
"Oregon",2016,7.91505484962006,3.90866906154077,3.66437724519447
"Oregon",2015,8.4388667396215,3.4003668921416,4.29389395868976
"Oregon",2014,8.74002799327698,4.02998408911907,3.9040470863341
"Oregon",2013,7.88791025084827,3.38416794633168,3.58772692054712
"Oregon",2012,9.43746308682492,4.1288901004859,4.18018066074038
"Oregon",2011,10.3826094906865,4.18403666042591,4.5714474623172
"Oregon",2010,8.79648892190545,2.84515517058663,3.96755583421255
"Oregon",2009,10.0299322585727,4.01722417686289,3.93845507535577
"Oregon",2008,9.23383574598249,3.07794524866083,3.58209145318286
"Oregon",2007,9.72486424814845,3.46549029837334,3.19684763958471
"Oregon",2006,10.7875952461574,2.99655423504372,4.44034854829206
"Oregon",2005,8.80105789822988,2.79530455258245,3.34883020655917
"Oregon",2004,7.67622468701875,2.94161894940499,2.43734141522128
"Oregon",2003,7.4421205984367,2.64984597065549,2.67803582140715
"Oregon",2002,7.03017910733233,2.90315088642874,2.30544335098753
"Oregon",2001,5.68061069160138,2.76821637763316,1.93198434688981
"Oregon",2000,5.20255018488051,2.92278100274186,1.5783017414806
"Pennsylvania",2020,30.8998006297927,28.5764485318058,5.42897762963953
"Pennsylvania",2019,24.0040824906192,21.6060176274171,4.56960242662293
"Pennsylvania",2018,22.5734868111807,19.9577420578962,5.37203698584999
"Pennsylvania",2017,20.1397254953072,17.1800682782768,5.06812014209166
"Pennsylvania",2016,17.709322589469,13.9468737531022,5.54589651763849
"Pennsylvania",2015,10.833818980554,7.35012520598511,4.3897665948604
"Pennsylvania",2014,8.68054944593461,5.23179061200924,3.82413394510092
"Pennsylvania",2013,7.59366769530855,3.98471840918768,3.8986046518182
"Pennsylvania",2012,6.57341351174157,3.31412862391739,3.26711970726607
"Pennsylvania",2011,6.04258721297515,2.73093551963033,3.24887156645677
"Pennsylvania",2010,5.03842626644977,1.77919427534008,3.0624184650765
"Pennsylvania",2009,5.16307990505617,2.21838754330395,2.90521927379307
"Pennsylvania",2008,4.91584197470958,2.00598067677665,2.67199797657601
"Pennsylvania",2007,3.98760356725762,1.37695692043028,2.17288577617032
"Pennsylvania",2006,3.42903484498884,1.44674896723305,1.61460381978496
"Pennsylvania",2005,4.20883872195881,1.71887688263203,1.92771239173686
"Pennsylvania",2004,3.8998536910262,1.72431547495786,1.76460321969987
"Pennsylvania",2003,3.88697610875387,1.89096135020459,1.78590794185989
"Pennsylvania",2002,2.88702542390819,1.48406082184044,1.3867453581132
"Pennsylvania",2001,2.15465197492148,1.21961432542725,0.943168411663741
"Pennsylvania",2000,2.68706578441883,1.45752962245749,1.37610338656601
"Rhode Island",2020,31.5005321035828,27.811280595956,4.35142485514958
"Rhode Island",2019,22.9383562355042,19.9176673485243,5.09741249677872
"Rhode Island",2018,25.3472238642221,20.7128433815845,7.2825979012877
"Rhode Island",2017,26.5184652509015,20.0068136412495,9.24843272095497
"Rhode Island",2016,26.5991181587731,18.7424391296693,12.4003006362963
"Rhode Island",2015,24.4249255418452,15.999272932449,12.4964735330371
"Rhode Island",2014,19.9967209168544,12.9836529175784,9.47711891794047
"Rhode Island",2013,18.5447418048884,9.31992152245673,11.126845082933
"Rhode Island",2012,13.6152612797203,3.90367631096876,9.33073849938874
"Rhode Island",2011,13.7924212072268,1.99752307139147,9.98761535695737
"Rhode Island",2010,10.6406528040495,1.42508742911378,7.60046628860681
"Rhode Island",2009,11.1042987872587,1.23381097636208,7.40286585817248
"Rhode Island",2008,12.6065992229406,1.61136982548865,9.3838595719633
"Rhode Island",2007,8.4175482235663,1.55820397028946,5.48559322434658
"Rhode Island",2006,12.4165644494947,1.50503811509026,9.21835845492787
"Rhode Island",2005,11.4241195000356,1.40460485656175,8.33398881559973
"Rhode Island",2004,7.44477604717755,1.02365670648691,5.86276113715232
"Rhode Island",2003,10.080814529814,1.30677225386478,7.74729264791262
"Rhode Island",2002,7.2232984207243,0.938090703990169,5.534735153542
"Rhode Island",2001,8.135141731196,0.938090703990169,7.37838436085219
"Rhode Island",2000,5.81883949446686,0.938090703990169,5.05571300338924
"South Carolina",2020,27.4240902714429,23.9553548842094,8.2023135123533
"South Carolina",2019,17.1304912255759,12.8964242333134,7.18626049145476
"South Carolina",2018,16.8760536469683,11.9981267187071,7.21854509141884
"South Carolina",2017,15.3651135097761,10.0510133710323,6.98595186778678
"South Carolina",2016,13.2429800615547,6.73235211652855,7.80065948831302
"South Carolina",2015,11.8664762039367,5.20817802410304,7.29144923374426
"South Carolina",2014,10.9674490251593,3.60063420825986,7.01502871609248
"South Carolina",2013,5.23577863044178,1.7173353907849,3.14146717826507
"South Carolina",2012,5.18658693577079,1.37603326867388,3.55651675595711
"South Carolina",2011,5.32138834808291,1.2822622525501,3.24839770646025
"South Carolina",2010,6.01033778098329,1.62149400566096,3.39432745185028
"South Carolina",2009,5.40320078642716,1.65581959584058,3.00661979244737
"South Carolina",2008,5.03422833669979,1.19231723763942,3.02495299178891
"South Carolina",2007,4.63534880999795,0.990074503106359,2.83521334980457
"South Carolina",2006,5.36962403682369,1.07851422961843,3.05196579870748
"South Carolina",2005,3.60643068744658,0.749388194794094,1.56903153285013
"South Carolina",2004,3.18220170836736,0.854919861949441,1.63859640206976
"South Carolina",2003,2.28899281183973,0.674650512963289,1.42158500945836
"South Carolina",2002,2.04489269790727,0.608599017234307,1.1441661524005
"South Carolina",2001,2.18942458723811,0.295203315133229,1.64821850949386
"South Carolina",2000,2.24326347977025,0.772679643031975,1.32103293808693
"South Dakota",2020,5.3768439494263,4.36868570890887,1.90429889875515
"South Dakota",2019,4.40847829502667,2.93898553001778,1.69556857501026
"South Dakota",2018,3.28710604317444,2.0402727164531,1.65269099881729
"South Dakota",2017,4.02453355656079,2.41472013393648,1.60981342262432
"South Dakota",2016,5.08403681767026,2.07983324359238,3.23529615669926
"South Dakota",2015,3.26162039631018,1.39783731270436,1.63081019815509
"South Dakota",2014,3.86790517771852,1.38208264013293,2.34418495619304
"South Dakota",2013,4.02425441809873,1.3663279675615,3.31409187372837
"South Dakota",2012,3.11992262591888,1.35057329499007,2.51993750554986
"South Dakota",2011,4.24715016224114,1.33481862241864,2.66963724483729
"South Dakota",2010,4.05315777837825,1.47279473769808,2.45645925962318
"South Dakota",2009,4.33669075801637,1.61077085297751,2.47810900458078
"South Dakota",2008,4.00438480135749,1.61077085297751,2.12732942572116
"South Dakota",2007,2.65277790059157,1.61077085297751,1.64219584322335
"South Dakota",2006,3.06500492316416,1.61077085297751,2.42646223083829
"South Dakota",2005,2.8369050397618,1.61077085297751,1.80530320712115
"South Dakota",2004,2.72587085083515,1.61077085297751,1.42783711234222
"South Dakota",2003,1.30936497108267,1.61077085297751,1.42783711234222
"South Dakota",2002,1.7104813031236,1.61077085297751,1.42783711234222
"South Dakota",2001,1.31930994812473,1.61077085297751,1.42783711234222
"South Dakota",2000,1.31930994812473,1.61077085297751,1.42783711234222
"Tennessee",2020,35.6622506074635,31.9014513780933,8.71227620703505
"Tennessee",2019,23.3263934994188,18.7724020503797,7.67296308455459
"Tennessee",2018,19.8079471079068,14.2244989298391,8.02066762087501
"Tennessee",2017,19.3419162404199,11.5098546988796,9.81241170318452
"Tennessee",2016,18.5831295854549,8.87058774710225,11.2912057594471
"Tennessee",2015,16.2719901022666,6.33304642713913,10.9388983741494
"Tennessee",2014,13.6196680221188,4.15308262557884,9.69561568839177
"Tennessee",2013,12.1305829545605,2.60160979609229,9.28266690558373
"Tennessee",2012,11.5856853591168,1.9825771737526,8.95257505022658
"Tennessee",2011,10.3539505006205,1.32742955136161,8.54239958346822
"Tennessee",2010,10.2740184727482,1.41819273396832,7.65824076342891
"Tennessee",2009,8.69011019472031,1.5540708012456,6.42243545412724
"Tennessee",2008,7.98730866274045,1.69670284218535,4.99406874303612
"Tennessee",2007,7.99905824852685,1.5058955812004,4.825342830083
"Tennessee",2006,7.93264185222424,1.19892930685791,4.532938201271
"Tennessee",2005,7.77826016344028,1.53562217818993,4.79047353413596
"Tennessee",2004,6.81801763514943,1.37037079019133,4.24645763380275
"Tennessee",2003,5.31822842458,1.1457276670317,3.30037969756894
"Tennessee",2002,3.08838047743257,0.465845099947929,2.15669027753671
"Tennessee",2001,2.52139315144409,0.26083377428732,1.98233668458363
"Tennessee",2000,1.81042145381061,0.404268868326641,1.26553732693557
"Texas",2020,7.4623411472435,5.89903006254028,2.17296834867246
"Texas",2019,5.38697203233797,3.82123240194012,1.86233348108995
"Texas",2018,5.0763287168473,3.34124862008,1.92670540865927
"Texas",2017,5.40194956324408,3.10550272471651,2.3600407509791
"Texas",2016,5.146684824343,2.83893144773732,2.32569858171148
"Texas",2015,4.91461064233815,2.65024929453495,2.20975456288834
"Texas",2014,4.52202359034725,2.24802813433177,2.22948004741485
"Texas",2013,4.21200798103674,1.89805027511709,2.23455719640279
"Texas",2012,4.52431334910742,1.91103311947031,2.40222235499681
"Texas",2011,4.74397325520812,1.90460009999735,2.57452078956697
"Texas",2010,4.65290871816302,1.68220545964355,2.66448618903352
"Texas",2009,4.82223822735813,1.93937841752447,2.66110136292338
"Texas",2008,4.05610439803894,1.4397936504195,2.27076027151875
"Texas",2007,4.46458861606271,1.44343842474208,2.61833016581121
"Texas",2006,4.73467416794309,1.42553932904616,2.73549438816965
"Texas",2005,3.98628104695018,1.31705320934477,2.1160654896806
"Texas",2004,3.73313897194801,1.3351776945125,1.90675878112655
"Texas",2003,3.74019599988761,1.26186224268053,1.99719203877494
"Texas",2002,3.63295616824552,1.40615689253158,1.86258158879593
"Texas",2001,2.82368983840333,1.25705793470447,1.38370183111126
"Texas",2000,2.19165521283034,0.872825489573572,1.16057015646596
"Utah",2020,14.0005212501758,8.92340914846368,7.13872731877095
"Utah",2019,12.9446486822348,7.14295071863075,8.5465873227285
"Utah",2018,14.4886044595165,7.43410927507944,9.4270832509518
"Utah",2017,15.0878528921447,7.47944844225979,9.76841757760653
"Utah",2016,15.8297492443179,7.83294010226084,11.2741899379821
"Utah",2015,15.4543564095024,6.60899042998158,12.5504060690559
"Utah",2014,16.0046104151616,6.04845149447722,13.0823248616502
"Utah",2013,15.3057425491369,6.17055837003494,12.9616198163862
"Utah",2012,15.339964073664,5.18336685594128,12.3980531554271
"Utah",2011,13.985408320679,4.64997078682475,11.074739583888
"Utah",2010,12.771877266963,3.94372414192342,9.66031509994084
"Utah",2009,14.4303800257103,4.25934881166004,11.2358684169653
"Utah",2008,13.9315043133214,3.64246878272824,11.0025087973131
"Utah",2007,14.7050558445668,3.34905722114479,10.9710495175433
"Utah",2006,13.5814313719978,3.32606482579537,9.02789024144459
"Utah",2005,14.0374062291092,3.49917952377794,9.0734538814242
"Utah",2004,11.4507948933619,1.49901314967646,7.86981903580143
"Utah",2003,11.5247547070361,2.37274361615449,8.17749139138957
"Utah",2002,9.16201934347464,1.76358118818056,6.36609794757862
"Utah",2001,7.31264628029329,1.97047354858203,5.34217273171127
"Utah",2000,7.11992688417222,2.64198544758592,5.23919148080598
"Vermont",2020,26.4700078768326,23.1010977834176,5.29400157536653
"Vermont",2019,18.7503305346729,16.6669604752648,3.84622164813803
"Vermont",2018,20.4375226529182,18.0425004670293,3.35303106024439
"Vermont",2017,19.0810012554978,14.270664804532,5.29137009606242
"Vermont",2016,16.4907123667534,12.6482162812963,3.84249608545711
"Vermont",2015,13.2578964350635,9.26455413534555,4.63227706767278
"Vermont",2014,11.4912809905484,8.29925849317386,4.30923037145566
"Vermont",2013,11.9687854076568,6.06418460654613,6.70251982828783
"Vermont",2012,9.10527131312389,2.7156072337387,4.63250645755426
"Vermont",2011,9.57807005081166,3.35232451778408,5.58720752964014
"Vermont",2010,7.19147378867615,2.63644342921871,4.79431585911743
"Vermont",2009,7.36215563917115,1.92056234065334,4.80140585163336
"Vermont",2008,9.45284073885967,3.0441351531921,5.44739974781744
"Vermont",2007,8.66104981547152,3.04740641655479,5.13247396472387
"Vermont",2006,9.47194698278353,2.8897465371204,4.17407833139613
"Vermont",2005,7.40484373365099,2.73536236392734,4.18534645815056
"Vermont",2004,6.61375661375661,2.58097819073429,4.83933410762679
"Vermont",2003,8.09247432257897,2.42774229677369,5.34103305290212
"Vermont",2002,6.66187877980378,1.94981817945477,4.87454544863691
"Vermont",2001,6.37022784181581,2.28674845603644,4.90017526293524
"Vermont",2000,3.94200651416576,1.64250271423574,3.44925569989504
"Virginia",2020,22.3151846974407,20.1849401488587,3.62025166453002
"Virginia",2019,15.0430219884696,12.9576186286973,3.1515365380828
"Virginia",2018,14.2292183850424,11.8224611499486,3.24031705797996
"Virginia",2017,14.710709065622,11.8653793025282,4.38015494650544
"Virginia",2016,13.6118180538595,10.0929550460496,4.73144417942017
"Virginia",2015,9.92485619396318,6.346182085563,3.8291812959882
"Virginia",2014,9.30786812708519,4.88813203577248,4.4437563961568
"Virginia",2013,7.88096951662782,3.91021989841902,3.93443178633493
"Virginia",2012,6.68224880760951,2.61426187354376,3.71371780166963
"Virginia",2011,7.18819890413314,2.22315430024736,4.14988802712841
"Virginia",2010,4.99936008190951,1.66228722723491,2.66215924361682
"Virginia",2009,6.20746796246299,2.35934249792801,3.06588356682623
"Virginia",2008,6.39561186984713,2.2722932391872,2.99993770342131
"Virginia",2007,6.70881176622371,2.10295445748936,3.52212617726745
"Virginia",2006,5.56444230148982,1.74621842716542,2.90602021834246
"Virginia",2005,5.08109627621631,1.42534648787367,2.70551879642687
"Virginia",2004,5.32400517685931,1.75237356323761,2.96967122930343
"Virginia",2003,5.0767092119332,1.87322425467054,2.55192869476856
"Virginia",2002,4.95411406236941,1.89381645597501,2.59370514622665
"Virginia",2001,4.52880808161635,1.77818231425427,2.51446092875018
"Virginia",2000,3.67308679857286,1.31383489333568,2.33099739140201
"Washington",2020,15.8703090304008,13.309743199943,5.60205011638227
"Washington",2019,11.2017332351223,8.71975482780914,4.70131359692119
"Washington",2018,10.178365572123,7.21907545141449,4.98965509141884
"Washington",2017,10.3568271272714,6.06286229484334,5.68477734104465
"Washington",2016,10.0164654226125,5.18660812294182,6.09220636663008
"Washington",2015,9.98556416554782,5.17408422544447,6.24795076280087
"Washington",2014,9.79957601256385,5.0272391393933,6.59913644776699
"Washington",2013,9.55330961932213,3.88730766792237,6.16805275721999
"Washington",2012,10.3958061838953,3.45076969563051,6.23458390387026
"Washington",2011,10.4245393656668,2.94288260182447,6.38356624077348
"Washington",2010,9.63634687279725,1.91834683115871,5.45762238011819
"Washington",2009,11.0537409789025,2.09976083724064,6.67423980408631
"Washington",2008,10.8499685549015,1.874362545299,6.35454619016002
"Washington",2007,10.4463500994415,1.85712890656738,6.39161865343607
"Washington",2006,10.8150480798738,1.71094374558235,5.93336454890026
"Washington",2005,10.0522509291141,1.82187059764547,5.5455183980963
"Washington",2004,9.80797569693679,1.68321695128948,5.40571597817968
"Washington",2003,8.06013648170128,1.70376868718889,4.75089345466132
"Washington",2002,7.83166998466215,2.01574628297212,4.51064537091301
"Washington",2001,5.52982580881638,1.26968810111796,3.50834870045752
"Washington",2000,6.34530577163245,1.44211494809828,4.63173389212743
"West Virginia",2020,66.0583027554549,60.9596551297158,16.6966702469258
"West Virginia",2019,39.2824918938011,33.6467934829007,10.9924018509642
"West Virginia",2018,40.9229651484745,32.5611684807889,13.3456489861737
"West Virginia",2017,47.6359096558815,37.3928123194723,16.4660543203567
"West Virginia",2016,41.7781204979297,30.0365572207337,19.3326204657086
"West Virginia",2015,36.0061774453834,19.6841000190876,21.2566589737806
"West Virginia",2014,31.6160503608553,14.7001123045344,21.6178122125507
"West Virginia",2013,27.9350095777176,12.6732186308178,19.7917925000431
"West Virginia",2012,27.6488307454998,8.51562428418902,20.7500971481821
"West Virginia",2011,32.123076657734,7.38399580890866,26.0865253395021
"West Virginia",2010,26.7135241668349,7.33947330644352,20.7232187476052
"West Virginia",2009,10.4449946557346,3.40950602751958,6.27782062209955
"West Virginia",2008,21.029065755226,6.90101124267107,12.8782650749059
"West Virginia",2007,18.9198561436644,5.45240811056611,10.9048162211322
"West Virginia",2006,16.3574614095208,3.44655541404619,9.9020084117835
"West Virginia",2005,8.45925167482197,2.52678946131046,3.84511439764635
"West Virginia",2004,15.0294147116499,4.40422409132599,7.70739215982048
"West Virginia",2003,11.2012669019117,2.86929004383944,6.95251049084172
"West Virginia",2002,10.1361792918411,2.71405893606674,5.37272891425457
"West Virginia",2001,8.32648248857468,2.60896451308673,4.77384996011615
"West Virginia",2000,2.87555907504324,0.608291342797609,1.99077166733763
"Wisconsin",2020,21.7739605719865,19.4936954097234,5.02344129731657
"Wisconsin",2019,16.1101010333479,13.5510338116327,4.29373694918654
"Wisconsin",2018,14.82738311481,11.507562997457,4.6443079361934
"Wisconsin",2017,16.3403119291352,12.4407232322138,5.90114749711111
"Wisconsin",2016,15.1590978467851,10.2964191995858,6.35090058192939
"Wisconsin",2015,10.9679958040918,6.54960886879418,4.6609650415493
"Wisconsin",2014,11.1158121733428,6.18317052142191,5.29737923885866
"Wisconsin",2013,10.5176769237815,5.38073206862331,5.29366520667148
"Wisconsin",2012,8.66164035402359,4.2609682386729,4.50545002285905
"Wisconsin",2011,8.47373501054927,3.46652795886107,4.72708358026509
"Wisconsin",2010,7.38528281940557,2.76068905392065,4.46633770506908
"Wisconsin",2009,7.16142342286406,2.6634850661391,3.7394624769635
"Wisconsin",2008,6.73639903307856,2.19819336868879,3.47456371179841
"Wisconsin",2007,6.95091141598086,1.65752502996467,3.63586135605153
"Wisconsin",2006,6.31089588725011,1.52393792731892,3.22716266961653
"Wisconsin",2005,5.06656309962594,1.55062073511684,2.63244915496579
"Wisconsin",2004,4.09863863536371,1.17881199689664,2.17626830196303
"Wisconsin",2003,3.70491839780348,1.24105640911644,2.11709622731627
"Wisconsin",2002,3.17713228734058,0.954976178853816,1.87322250467479
"Wisconsin",2001,2.64480051638343,0.887765208296536,1.47960868049423
"Wisconsin",2000,2.18134021915944,1.00677240884282,1.06270420933409
"Wyoming",2020,11.3338187413279,6.35380747619898,6.01035842343147
"Wyoming",2019,8.98474148998115,5.01072121556641,5.52907168614225
"Wyoming",2018,7.44283298455872,2.59633708763676,5.19267417527352
"Wyoming",2017,8.63088302564235,3.62497087076979,6.04161811794965
"Wyoming",2016,8.88128286715138,2.90349632195334,6.66096215036354
"Wyoming",2015,8.18963090357222,1.87679041540197,6.48345779866134
"Wyoming",2014,9.75771758426303,3.76613661146994,6.50514505617535
"Wyoming",2013,8.92461787189054,2.92399042394209,7.55159973775354
"Wyoming",2012,8.15388992595574,2.08184423641423,6.07204568954151
"Wyoming",2011,8.27234677677688,1.76007378229295,6.16025823802534
"Wyoming",2010,8.69370823915149,1.90592556301072,7.09690468502163
"Wyoming",2009,6.07304443503718,2.05177734372848,3.929616987377
"Wyoming",2008,8.79051649778497,2.19762912444624,5.86034433185665
"Wyoming",2007,4.67398051137086,2.19762912444624,2.43046986591285
"Wyoming",2006,2.67856972029992,2.19762912444624,1.91326408592852
"Wyoming",2005,1.94493121750749,2.19762912444624,1.93874578744969
"Wyoming",2004,2.74991848455921,2.19762912444624,1.96422748897086
"Wyoming",2003,3.07490144424474,2.19762912444624,2.38206614610378
"Wyoming",2002,3.39988440393027,2.19762912444624,2.79990480323669
"Wyoming",2001,2.71253480355855,2.19762912444624,2.79990480323669
"Wyoming",2000,2.02518520318683,2.19762912444624,2.79990480323669
